[
{
  "model": "auth.user",
  "fields": {
    "password": "pbkdf2_sha256$600000$4ZlCedfBBQXTVvs9aN4ZJo$hy1Nr+mifnpYJroP4LrdNmjaW307eq5KTy4m5aUTjpI=",
    "last_login": "2023-06-26T10:06:02.641Z",
    "is_superuser": true,
    "username": "admin",
    "first_name": "Admin",
    "last_name": "User",
    "email": "admin@company.com",
    "is_staff": true,
    "is_active": true,
    "date_joined": "2023-06-12T18:21:28.713Z",
    "groups": [],
    "user_permissions": []
  }
},
{
  "model": "auth.user",
  "fields": {
    "password": "pbkdf2_sha256$600000$YlAKx2PR5Uraowc0cxndlY$b8Td+ha8oW/Z8KcE8LbrUnU+cqWustoJOkBi/0k+JAc=",
    "last_login": "2023-06-26T09:34:09.188Z",
    "is_superuser": false,
    "username": "testuser",
    "first_name": "Test",
    "last_name": "User",
    "email": "testuser@company.com",
    "is_staff": false,
    "is_active": true,
    "date_joined": "2023-06-13T23:01:24.794Z",
    "groups": [],
    "user_permissions": []
  }
},
{
  "model": "sessions.session",
  "pk": "1m0mkpne53dcmsav5grfnfhr2g29d3he",
  "fields": {
    "session_data": ".eJxVjDsOwjAQBe_iGlkbfzCbkp4zWP5siAHZyE4kUJS7Q6Q0ad_Mm4UFVyfWL-uJWTdPo50bVZsi65lgh8278KS8gfhw-V54KHmqyfNN4Ttt_FYiva67ewiMro3_N_iAwmsSqEAMatAQO7hoHOQZjJBOdQZF9AAdGSUQlHQBLtJEjSgJ5RZt1Foq2dLnneqX9bD-AMbrQNU:1q9VNl:di9LCjxMorgP2FUHKXJqrqQZjfRtFlP6pupEUTGXsps",
    "expire_date": "2023-06-28T18:38:13.855Z"
  }
},
{
  "model": "sessions.session",
  "pk": "2f83e66cv4p3yfj4paqrto5f68a5bsap",
  "fields": {
    "session_data": ".eJxVjMEOgyAQBf-Fc0MEQcRj7_0GsrJLpW2gAU3aGP-9NfHi9c28WZmHMrNh3S7MwTJPbqlUXEQ2MMFO2wj-SWkH-IB0z9znNJc48l3hB638lpFe18M9BSao0_8NthMYrIaWAAV4I9ECUECjVGcFmNZ2jemplyi11GE0gLppQxBC2SDtHq1Ua8zJ0ecdy5cNzfYDMR1Cmg:1q9rzM:4FX7wKiHS3pJIqAb6TZQEiVKcUbDTHQO2R5PGzfOhNY",
    "expire_date": "2023-06-29T18:46:32.836Z"
  }
},
{
  "model": "sessions.session",
  "pk": "3q90w96vpmrgk88aamgqh3t351amvvjt",
  "fields": {
    "session_data": ".eJxVjMEOgyAQBf9lz4YIiojH3vsNZGWhUhsxoEkb479XEy9eZ-a9DSymBbptL8DgugxmzS6ZQNABhxvr0Y5uOgW9cXpFZuO0pNCzM2GXzewZyX0eV3s7GDAPxxp1w8lriZVD4miVII3oPKm6bjRHVemmVK1rBQkppO8Vkiwr7zmvtRf6PM0u5xAn475zSD_oygJsXOeDzCN0fP8D9zFHQw:1q9isu:7x3DNBPzffDIi0c8J9Tob8ytE5l1eiwKzuNrk7KHfkc",
    "expire_date": "2023-06-29T09:03:16.679Z"
  }
},
{
  "model": "sessions.session",
  "pk": "5ggofu37b0isvolh7e82wtas8lit7r5r",
  "fields": {
    "session_data": ".eJxljMEOgyAQBf-FsyGCIuKxd7-BrOxSaSkkKr00_ffWxjRpep2Z9x4MnMslbfZOS_CB0NINQmRDKjFWX1tWWtjABKuYhbLNH2AD_rMJ3JXSLvAC6Zy5y2lbwsT3hB925WNGiqej_TmYYZ3fazCdQG8UNAQowGmJBoA86rbtjADdmK7WPfUSpZLKTxpQ1Y33QrTGS8OeL48ISaE:1q8mAV:gTTykpUuhH2VzxYMy36CSKQkHeFsmNwljmHGREqarkU",
    "expire_date": "2023-06-26T18:21:31.851Z"
  }
},
{
  "model": "sessions.session",
  "pk": "bh3f3mbh7dp8dezinnhe6lq2tyh9ah1z",
  "fields": {
    "session_data": "eyJjYXJ0Ijp7fX0:1qDeiO:RykdeuhDrVyYyzVleYqcrlmOwNRHEpb2ukjdl8Jk0WI",
    "expire_date": "2023-07-10T05:24:40.446Z"
  }
},
{
  "model": "sessions.session",
  "pk": "ecla4fpwqtb4h15us65rkk6s7ab6s50p",
  "fields": {
    "session_data": ".eJxVjMEOgyAQBf-Fc0MEQcRj7_0GsrJLpW2gAU3aGP-9NfHi9c28WZmHMrNh3S7MwTJPbqlUXEQ2MMFO2wj-SWkH-IB0z9znNJc48l3hB638lpFe18M9BSao0_8NthMYrIaWAAV4I9ECUECjVGcFmNZ2jemplyi11GE0gLppQxBC2SDtHq1Ua8zJ0ecdy5cNzfYDMR1Cmg:1qDWpo:mLX4jrdl1hTFufLxJKyrUVTrTURIXY2N0qrrECgeptA",
    "expire_date": "2023-07-09T20:59:48.012Z"
  }
},
{
  "model": "sessions.session",
  "pk": "ff079gdpmb98tvxye4vyl1p4jnum554w",
  "fields": {
    "session_data": ".eJxVjMEOgyAQBf-Fc0MEQcRj7_0GsrJLpW2gAU3aGP-9NfHi9c28WZmHMrNh3S7MwTJPbqlUXEQ2MMFO2wj-SWkH-IB0z9znNJc48l3hB638lpFe18M9BSao0_8NthMYrIaWAAV4I9ECUECjVGcFmNZ2jemplyi11GE0gLppQxBC2SDtHq1Ua8zJ0ecdy5cNzfYDMR1Cmg:1qAq6S:kjTsMcig8SaD-eLTSQs3KcRq_SaS8dEGMjTOvC3Dby4",
    "expire_date": "2023-07-02T10:57:52.344Z"
  }
},
{
  "model": "sessions.session",
  "pk": "jubso10p4dqqj3pzjhnk43jqbtc2fu8z",
  "fields": {
    "session_data": ".eJxVjEEOgyAUBe_CuiGCIH6X3fcM5smHattAorgy3r2auGi3b-bNJnqsZezXJcz9xKITStx-twH-HdIJ-IX0zNLnVOZpkKciL7rIR-bwuV_uX2DEMh5vUKM4kkUdwAreaSYgRHbGNKTgamoq14ZWs7baxsGBbVXHqJShqOmIesxFdNu-fwE7sztd:1qDesP:X1Ycq6WhbFTuaOg4nAPyKQrp0lZdnhOhXvhbYVOr4OY",
    "expire_date": "2023-07-10T05:35:01.827Z"
  }
},
{
  "model": "sessions.session",
  "pk": "llap8l4b925ulww2lfl94crk9ag6i2c5",
  "fields": {
    "session_data": ".eJxVjMEOgyAQBf-Fc0MEQcRj7_0GsrJLpW2gAU3aGP-9NfHi9c28WZmHMrNh3S7MwTJPbqlUXEQ2MMFO2wj-SWkH-IB0z9znNJc48l3hB638lpFe18M9BSao0_8NthMYrIaWAAV4I9ECUECjVGcFmNZ2jemplyi11GE0gLppQxBC2SDtHq1Ua8zJ0ecdy5cNzfYDMR1Cmg:1q9stY:_bUlxCX76k5jJZ8Y9yq3nXDcw0vBsyz5FVuZKCF0EeY",
    "expire_date": "2023-06-29T19:44:36.595Z"
  }
},
{
  "model": "sessions.session",
  "pk": "lmkhpek72n5eg0h13l77mdx7t06mpbyr",
  "fields": {
    "session_data": ".eJxVjDsOwjAQBe_iGlkbfzCbkp4zWP5siAHZyE4kUJS7Q6Q0ad_Mm4UFVyfWL-uJWTdPo50bVZsi65lgh8278KS8gfhw-V54KHmqyfNN4Ttt_FYiva67ewiMro3_N_iAwmsSqEAMatAQO7hoHOQZjJBOdQZF9AAdGSUQlHQBLtJEjSgJ5RZt1Foq2dLnneqX9bD-AMbrQNU:1qDWt1:vS_sK3CAQNI9sKT2XWxAY97b5WAvXXsp2Omk6Na52XA",
    "expire_date": "2023-07-09T21:03:07.769Z"
  }
},
{
  "model": "sessions.session",
  "pk": "tfnu0nfqz01shvisuedwzfnsfkek6rtu",
  "fields": {
    "session_data": ".eJxVjDEOgzAQBP9ydWRhg22OMj1vQIvPDiQRSAYqxN8TJBranZndKSCv1OzHgzps69BtS8zdKNSQptvWI3zidAJ5Y3rNKszTmsdenYq66KLaWeL3ebm3gwHL8K_BTktiizJCNII3wkBM4qvKsYYv2RW-jrURY41NvYfYokxJ64qTYTp-Q4M7XQ:1qDelp:8sojY3RIH0_v7iIuaUziTG6WMqi8S9GilISGQrv-4SM",
    "expire_date": "2023-07-10T05:28:13.420Z"
  }
},
{
  "model": "sessions.session",
  "pk": "wc68ts2da0l47zlrcr8rghoops8dvsqh",
  "fields": {
    "session_data": ".eJxVjDsOwjAQBe_iGlnxP0tJzxmsjXeNA8iW4qRC3B0ipYD2zcx7iYjbWuLWeYkzibNQ4vS7TZgeXHdAd6y3JlOr6zJPclfkQbu8NuLn5XD_Dgr28q0RvKIMDg0jKUxBEyBypmCtB4XBgB_CyKMm7bTLU0Byg8lZKQtZg3h_APwwOBE:1qDj6g:tWsW6biaYO43MIUdIIDZnoMlspmkz476hoaZLrblBaU",
    "expire_date": "2023-07-10T10:06:02.879Z"
  }
},
{
  "model": "courses.category",
  "pk": 1,
  "fields": {
    "category": "Web Development",
    "thumbnail": "category_thumbnail/2023-06-13/web.jpeg"
  }
},
{
  "model": "courses.category",
  "pk": 2,
  "fields": {
    "category": "Data Science",
    "thumbnail": "category_thumbnail/2023-06-13/datasci.jpeg"
  }
},
{
  "model": "courses.category",
  "pk": 3,
  "fields": {
    "category": "Mobile Development",
    "thumbnail": "category_thumbnail/2023-06-13/mobile.jpeg"
  }
},
{
  "model": "courses.category",
  "pk": 4,
  "fields": {
    "category": "Programming Languages",
    "thumbnail": "category_thumbnail/2023-06-13/pl.jpeg"
  }
},
{
  "model": "courses.category",
  "pk": 5,
  "fields": {
    "category": "Game Development",
    "thumbnail": "category_thumbnail/2023-06-13/gamedev.jpeg"
  }
},
{
  "model": "courses.course",
  "pk": 1,
  "fields": {
    "owner": [
      "testuser"
    ],
    "name": "Modern React with Redux",
    "headline": "Master React and Redux Toolkit. Includes RTK Query, tons of custom hooks, and more! Course 100% Updated November 2022",
    "description": "<h4>What you&#39;ll learn</h4>\r\n\r\n<ul>\r\n\t<li>\r\n\t<p>Create dynamic web apps using the latest in web technology</p>\r\n\t</li>\r\n\t<li>\r\n\t<p>Acquire the programming skills needed to obtain a software engineering job</p>\r\n\t</li>\r\n\t<li>\r\n\t<p>Practice your skills with many large projects, exercises, and quizzes</p>\r\n\t</li>\r\n\t<li>\r\n\t<p>Master the fundamentals concepts behind React and Redux</p>\r\n\t</li>\r\n\t<li>\r\n\t<p>Become fluent in the toolchain supporting React, including NPM, Webpack, Babel, and ES6/ES2015 Javascript syntax</p>\r\n\t</li>\r\n\t<li>\r\n\t<p>Be the engineer who explains how Redux works to everyone else, because you know the fundamentals so well</p>\r\n\t</li>\r\n\t<li>\r\n\t<p>Realize the power of building reusable components</p>\r\n\t</li>\r\n</ul>\r\n\r\n<h4>Description</h4>\r\n\r\n<p>Congratulations!&nbsp; You&#39;ve found the&nbsp;<em>most&nbsp;</em><strong><em>popular</em></strong>,&nbsp;<em>most&nbsp;</em><strong><em>complete</em></strong>, and&nbsp;<em>most&nbsp;</em><strong><em>up-to-date</em></strong>&nbsp;resource online for learning React and Redux!</p>\r\n\r\n<p>Thousands of other engineers have learned React and Redux, and you can too.&nbsp; This course uses a&nbsp;<strong>time-tested, battle-proven</strong>&nbsp;method to make sure you understand exactly how React and Redux work, and will get you a new job working as a software engineer or help you build that app you&#39;ve always been dreaming about.</p>\r\n\r\n<p><strong>The difference between this course and all the others: you will understand the design patterns used by top companies to build massively popular web apps.</strong></p>\r\n\r\n<p>React is the most popular Javascript library of the last five years, and the job market is still hotter than ever.&nbsp; Companies large and small can&#39;t hire engineers who understand React and Redux fast enough, and salaries for engineers are at an all time high.&nbsp; It&#39;s a great time to learn React!</p>",
    "thumbnail": "courses_thumbnail/2023-06-12/react.jpeg",
    "category": 1,
    "price": "15.00",
    "discount": "10.00",
    "actual_price": "13.50",
    "publish": true,
    "created": "2023-06-12T19:41:34.548Z",
    "updated": "2023-06-26T09:41:09.803Z",
    "students": [
      [
        "admin"
      ]
    ]
  }
},
{
  "model": "courses.course",
  "pk": 2,
  "fields": {
    "owner": [
      "testuser"
    ],
    "name": "Machine Learning A-Z™: AI, Python & R + ChatGPT Bonus",
    "headline": "Learn to create Machine Learning Algorithms in Python and R from two Data Science experts. Code templates included.",
    "description": "<h4>What you&#39;ll learn</h4>\r\n\r\n<ul>\r\n\t<li>\r\n\t<p>Master Machine Learning on Python &amp; R</p>\r\n\t</li>\r\n\t<li>\r\n\t<p>Have a great intuition of many Machine Learning models</p>\r\n\t</li>\r\n\t<li>\r\n\t<p>Make accurate predictions</p>\r\n\t</li>\r\n\t<li>\r\n\t<p>Make powerful analysis</p>\r\n\t</li>\r\n\t<li>\r\n\t<p>Make robust Machine Learning models</p>\r\n\t</li>\r\n\t<li>\r\n\t<p>Create strong added value to your business</p>\r\n\t</li>\r\n\t<li>\r\n\t<p>Use Machine Learning for personal purpose</p>\r\n\t</li>\r\n\t<li>\r\n\t<p>Handle specific topics like Reinforcement Learning, NLP and Deep Learning</p>\r\n\t</li>\r\n\t<li>\r\n\t<p>Handle advanced techniques like Dimensionality Reduction</p>\r\n\t</li>\r\n\t<li>\r\n\t<p>Know which Machine Learning model to choose for each type of problem</p>\r\n\t</li>\r\n\t<li>\r\n\t<p>Build an army of powerful Machine Learning models and know how to combine them to solve any problem</p>\r\n\t</li>\r\n</ul>\r\n\r\n<h4>Description</h4>\r\n\r\n<p>Interested in the field of Machine Learning?&nbsp;Then this course is for you!</p>\r\n\r\n<p>This course has been designed by a&nbsp;<strong>Data Scientist and a Machine Learning expert</strong>&nbsp;so that we can share our knowledge and help you learn complex theory,&nbsp;algorithms, and coding libraries in a simple way.</p>\r\n\r\n<p><strong>Over 900,000 students</strong>&nbsp;world-wide trust this course.</p>\r\n\r\n<p>We will walk you step-by-step into the World of Machine Learning. With every tutorial, you will develop new skills and improve your understanding of this challenging yet lucrative sub-field of Data Science.</p>\r\n\r\n<p>This course can be completed by either doing either the&nbsp;<strong>Python tutorials, or R tutorials,</strong>&nbsp;or both -&nbsp;Python &amp;&nbsp;R. Pick the programming language that you need for your career.</p>",
    "thumbnail": "courses_thumbnail/2023-06-12/ml.jpeg",
    "category": 2,
    "price": "20.00",
    "discount": "8.00",
    "actual_price": "18.40",
    "publish": true,
    "created": "2023-06-12T19:57:49.907Z",
    "updated": "2023-06-25T20:59:47.444Z",
    "students": [
      [
        "admin"
      ]
    ]
  }
},
{
  "model": "courses.course",
  "pk": 3,
  "fields": {
    "owner": [
      "testuser"
    ],
    "name": "The Complete Android 12 & Kotlin Development Masterclass",
    "headline": "Learn Android 12 App Development From Beginner to Advanced Developer. Build Apps like Trello, 7Min Workout, Weather App",
    "description": "<h4>What you&#39;ll learn</h4>\r\n\r\n<ul>\r\n\t<li>\r\n\t<p>You can build any Android app you can think of. No matter if it is an idea that you or your friends have, or if it is a contract job that you need to develop.</p>\r\n\t</li>\r\n\t<li>\r\n\t<p>You will build Apps for your portfolio to apply for jr. Android developer Jobs.</p>\r\n\t</li>\r\n\t<li>\r\n\t<p>You&#39;ll be able to work as an Android freelancer and work from anywere in the world.</p>\r\n\t</li>\r\n\t<li>\r\n\t<p>Publish your apps on Google Play and generate revenue with Google Pay and Google Ads</p>\r\n\t</li>\r\n\t<li>\r\n\t<p>You&#39;ll be able to develop cloud apps using Google Firebase</p>\r\n\t</li>\r\n\t<li>\r\n\t<p>You will be very confident using Kotlin and programming in general</p>\r\n\t</li>\r\n</ul>\r\n\r\n<h4>Description</h4>\r\n\r\n<p><strong>So you want to become an Android developer</strong>&nbsp;and work from anywhere in the world, or maybe even the same place you&#39;re currently at, but with much more interesting and well-paying jobs? Learning Android App development is the way to go.</p>\r\n\r\n<p>You have a great idea for an app and you just need to learn how to make it happen? Or your friends know that you are tech-savvy and they constantly come to you with their great ideas and want you to build them?</p>\r\n\r\n<p>Do you have<strong>&nbsp;no programming experience</strong>&nbsp;whatsoever?&nbsp;Or maybe you have worked with another programming language in the past?</p>",
    "thumbnail": "courses_thumbnail/2023-06-12/andriod.jpeg",
    "category": 3,
    "price": "15.00",
    "discount": "10.00",
    "actual_price": "13.50",
    "publish": true,
    "created": "2023-06-12T20:38:45.771Z",
    "updated": "2023-06-25T21:01:06.830Z",
    "students": [
      [
        "admin"
      ]
    ]
  }
},
{
  "model": "courses.course",
  "pk": 4,
  "fields": {
    "owner": [
      "testuser"
    ],
    "name": "Java Programming Masterclass updated to Java 17",
    "headline": "Learn Java In This Course And Become a Computer Programmer. Obtain valuable Core Java Skills And Java Certification",
    "description": "<h4>What you&#39;ll learn</h4>\r\n\r\n<ul>\r\n\t<li>\r\n\t<p>Learn the core Java skills needed to apply for Java developer positions in just 14 hours.</p>\r\n\t</li>\r\n\t<li>\r\n\t<p>Be able to sit for and pass the Oracle Java Certificate exam if you choose.</p>\r\n\t</li>\r\n\t<li>\r\n\t<p>Be able to demonstrate your understanding of Java to future employers.</p>\r\n\t</li>\r\n\t<li>\r\n\t<p>Learn industry &quot;best practices&quot; in Java software development from a professional Java developer who has worked in the language for 18 years.</p>\r\n\t</li>\r\n\t<li>\r\n\t<p>Acquire essential java basics for transitioning to the Spring Framework, Java EE, Android development and more.</p>\r\n\t</li>\r\n\t<li>\r\n\t<p>Obtain proficiency in Java 8 and Java 11.</p>\r\n\t</li>\r\n</ul>\r\n\r\n<h4>Description</h4>\r\n\r\n<p><strong>December 24, 2022 UPDATE - SECOND&nbsp;PART&nbsp;OF&nbsp;THE&nbsp;MASSIVE&nbsp;NEW&nbsp;UPDATE&nbsp;FOR&nbsp;JAVA 17 IS&nbsp;LIVE TODAY.&nbsp; Read below to find out why you want to be learning Java 17 and not another version.</strong></p>\r\n\r\n<p>This course has been constantly updated since it originally came out in 2016.&nbsp; All updates are included free.&nbsp; Buy the course once and get all future updates free.</p>\r\n\r\n<p>You&rsquo;ve just stumbled upon the most complete, in-depth&nbsp;<strong>Java programming course online</strong>. With over 742,000 students enrolled and over one hundred and seventy four thousand reviews (<strong>with</strong>&nbsp;<strong>tens of thousands of those 5-star)</strong>&nbsp;to date, these comprehensive java tutorials cover everything you&rsquo;ll ever need.</p>",
    "thumbnail": "courses_thumbnail/2023-06-12/java.jpeg",
    "category": 4,
    "price": "20.00",
    "discount": "20.00",
    "actual_price": "16.00",
    "publish": true,
    "created": "2023-06-12T20:54:48.852Z",
    "updated": "2023-06-25T20:56:16.683Z",
    "students": []
  }
},
{
  "model": "courses.module",
  "pk": 1,
  "fields": {
    "course": 1,
    "name": "Let's Dive In",
    "order": 3
  }
},
{
  "model": "courses.module",
  "pk": 2,
  "fields": {
    "course": 1,
    "name": "Creating Content With JSX",
    "order": 2
  }
},
{
  "model": "courses.module",
  "pk": 3,
  "fields": {
    "course": 1,
    "name": "Building With Reusable Components",
    "order": 4
  }
},
{
  "model": "courses.module",
  "pk": 4,
  "fields": {
    "course": 1,
    "name": "State: How To Change Your App",
    "order": 1
  }
},
{
  "model": "courses.module",
  "pk": 5,
  "fields": {
    "course": 2,
    "name": "Data Preprocessing In Python",
    "order": 1
  }
},
{
  "model": "courses.module",
  "pk": 6,
  "fields": {
    "course": 2,
    "name": "Data Preprocessing In R",
    "order": 2
  }
},
{
  "model": "courses.module",
  "pk": 7,
  "fields": {
    "course": 2,
    "name": "Simple Linear Regression",
    "order": 3
  }
},
{
  "model": "courses.module",
  "pk": 8,
  "fields": {
    "course": 2,
    "name": "Multiple Linear Regression",
    "order": 4
  }
},
{
  "model": "courses.module",
  "pk": 9,
  "fields": {
    "course": 3,
    "name": "Getting Started With Android Studio",
    "order": 1
  }
},
{
  "model": "courses.module",
  "pk": 10,
  "fields": {
    "course": 3,
    "name": "Kotlin Fundamentals",
    "order": 2
  }
},
{
  "model": "courses.module",
  "pk": 11,
  "fields": {
    "course": 3,
    "name": "Object Oriented Programming Basics In Kotlin",
    "order": 3
  }
},
{
  "model": "courses.module",
  "pk": 12,
  "fields": {
    "course": 3,
    "name": "More Fundamentals Of Kotlin",
    "order": 4
  }
},
{
  "model": "courses.module",
  "pk": 13,
  "fields": {
    "course": 4,
    "name": "Programming Tools Setup",
    "order": 1
  }
},
{
  "model": "courses.module",
  "pk": 14,
  "fields": {
    "course": 4,
    "name": "First Steps",
    "order": 2
  }
},
{
  "model": "courses.module",
  "pk": 15,
  "fields": {
    "course": 4,
    "name": "IntelliJ Basics",
    "order": 3
  }
},
{
  "model": "courses.module",
  "pk": 16,
  "fields": {
    "course": 4,
    "name": "Expressions, Statements and More",
    "order": 4
  }
},
{
  "model": "courses.lecture",
  "pk": 1,
  "fields": {
    "module": 1,
    "topic": "How To Get Help",
    "content": "<div class=\"ckeditor-html5-video\" data-responsive=\"true\" style=\"text-align:center\">\r\n<video controls=\"controls\" controlslist=\"nodownload\" src=\"/media/ckeditor-media/admin/2023/06/12/013-variable-modifiers-register.mp4\" style=\"max-width: 100%; height: auto;\">&nbsp;</video>\r\n</div>\r\n\r\n<p>&nbsp;</p>",
    "order": 1
  }
},
{
  "model": "courses.lecture",
  "pk": 2,
  "fields": {
    "module": 1,
    "topic": "Let's Build An App",
    "content": "<div class=\"ckeditor-html5-video\" data-responsive=\"true\" style=\"text-align:center\">\r\n<video controls=\"controls\" controlslist=\"nodownload\" src=\"/media/ckeditor-media/admin/2023/06/12/013-variable-modifiers-register.mp4\" style=\"max-width: 100%; height: auto;\">&nbsp;</video>\r\n</div>\r\n\r\n<p>&nbsp;</p>",
    "order": 2
  }
},
{
  "model": "courses.lecture",
  "pk": 3,
  "fields": {
    "module": 1,
    "topic": "Creating A React Project",
    "content": "<div class=\"ckeditor-html5-video\" data-responsive=\"true\" style=\"text-align:center\">\r\n<video controls=\"controls\" controlslist=\"nodownload\" src=\"/media/ckeditor-media/admin/2023/06/12/013-variable-modifiers-register.mp4\" style=\"max-width: 100%; height: auto;\">&nbsp;</video>\r\n</div>\r\n\r\n<p>&nbsp;</p>",
    "order": 3
  }
},
{
  "model": "courses.lecture",
  "pk": 4,
  "fields": {
    "module": 2,
    "topic": "Showing Basic Context",
    "content": "<div class=\"ckeditor-html5-video\" data-responsive=\"true\" style=\"text-align:center\">\r\n<video controls=\"controls\" controlslist=\"nodownload\" src=\"/media/ckeditor-media/admin/2023/06/12/013-variable-modifiers-register.mp4\" style=\"max-width: 100%; height: auto;\">&nbsp;</video>\r\n</div>\r\n\r\n<p>&nbsp;</p>",
    "order": 1
  }
},
{
  "model": "courses.lecture",
  "pk": 5,
  "fields": {
    "module": 2,
    "topic": "What Is JSX",
    "content": "<div class=\"ckeditor-html5-video\" data-responsive=\"true\" style=\"text-align:center\">\r\n<video controls=\"controls\" controlslist=\"nodownload\" src=\"/media/ckeditor-media/admin/2023/06/12/013-variable-modifiers-register.mp4\" style=\"max-width: 100%; height: auto;\">&nbsp;</video>\r\n</div>\r\n\r\n<p>&nbsp;</p>",
    "order": 2
  }
},
{
  "model": "courses.lecture",
  "pk": 6,
  "fields": {
    "module": 2,
    "topic": "Printing JavaScript Variable in JSX",
    "content": "<div class=\"ckeditor-html5-video\" data-responsive=\"true\" style=\"text-align:center\">\r\n<video controls=\"controls\" controlslist=\"nodownload\" src=\"/media/ckeditor-media/admin/2023/06/12/013-variable-modifiers-register.mp4\" style=\"max-width: 100%; height: auto;\">&nbsp;</video>\r\n</div>\r\n\r\n<p>&nbsp;</p>",
    "order": 3
  }
},
{
  "model": "courses.lecture",
  "pk": 7,
  "fields": {
    "module": 3,
    "topic": "Creating Core Components",
    "content": "<div class=\"ckeditor-html5-video\" data-responsive=\"true\" style=\"text-align:center\">\r\n<video controls=\"controls\" controlslist=\"nodownload\" src=\"/media/ckeditor-media/admin/2023/06/12/013-variable-modifiers-register.mp4\" style=\"max-width: 100%; height: auto;\">&nbsp;</video>\r\n</div>\r\n\r\n<p>&nbsp;</p>",
    "order": 1
  }
},
{
  "model": "courses.lecture",
  "pk": 8,
  "fields": {
    "module": 3,
    "topic": "Introducing The Props System",
    "content": "<div class=\"ckeditor-html5-video\" data-responsive=\"true\" style=\"text-align:center\">\r\n<video controls=\"controls\" controlslist=\"nodownload\" src=\"/media/ckeditor-media/admin/2023/06/12/013-variable-modifiers-register.mp4\" style=\"max-width: 100%; height: auto;\">&nbsp;</video>\r\n</div>\r\n\r\n<p>&nbsp;</p>",
    "order": 2
  }
},
{
  "model": "courses.lecture",
  "pk": 9,
  "fields": {
    "module": 3,
    "topic": "Picturing the Movement of Data",
    "content": "<div class=\"ckeditor-html5-video\" data-responsive=\"true\" style=\"text-align:center\">\r\n<video controls=\"controls\" controlslist=\"nodownload\" src=\"/media/ckeditor-media/admin/2023/06/12/013-variable-modifiers-register.mp4\" style=\"max-width: 100%; height: auto;\">&nbsp;</video>\r\n</div>\r\n\r\n<p>&nbsp;</p>",
    "order": 3
  }
},
{
  "model": "courses.lecture",
  "pk": 10,
  "fields": {
    "module": 4,
    "topic": "App Overview",
    "content": "<div class=\"ckeditor-html5-video\" data-responsive=\"true\" style=\"text-align:center\">\r\n<video controls=\"controls\" controlslist=\"nodownload\" src=\"/media/ckeditor-media/admin/2023/06/12/013-variable-modifiers-register.mp4\" style=\"max-width: 100%; height: auto;\">&nbsp;</video>\r\n</div>\r\n\r\n<p>&nbsp;</p>",
    "order": 1
  }
},
{
  "model": "courses.lecture",
  "pk": 11,
  "fields": {
    "module": 4,
    "topic": "Initial App Setup",
    "content": "<div class=\"ckeditor-html5-video\" data-responsive=\"true\" style=\"text-align:center\">\r\n<video controls=\"controls\" controlslist=\"nodownload\" src=\"/media/ckeditor-media/admin/2023/06/12/013-variable-modifiers-register.mp4\" style=\"max-width: 100%; height: auto;\">&nbsp;</video>\r\n</div>\r\n\r\n<p>&nbsp;</p>",
    "order": 2
  }
},
{
  "model": "courses.lecture",
  "pk": 12,
  "fields": {
    "module": 4,
    "topic": "Introducing The Event System",
    "content": "<div class=\"ckeditor-html5-video\" data-responsive=\"true\" style=\"text-align:center\">\r\n<video controls=\"controls\" controlslist=\"nodownload\" src=\"/media/ckeditor-media/admin/2023/06/12/013-variable-modifiers-register.mp4\" style=\"max-width: 100%; height: auto;\">&nbsp;</video>\r\n</div>\r\n\r\n<p>&nbsp;</p>",
    "order": 3
  }
},
{
  "model": "courses.lecture",
  "pk": 13,
  "fields": {
    "module": 5,
    "topic": "Importing Libraries",
    "content": "<div class=\"ckeditor-html5-video\" data-responsive=\"true\" style=\"text-align:center\">\r\n<video controls=\"controls\" src=\"/media/ckeditor-media/admin/2023/06/12/013-variable-modifiers-register.mp4\" style=\"height:auto; max-width:100%\">&nbsp;</video>\r\n</div>\r\n\r\n<p>&nbsp;</p>",
    "order": 3
  }
},
{
  "model": "courses.lecture",
  "pk": 14,
  "fields": {
    "module": 5,
    "topic": "Importing The Dataset",
    "content": "<div class=\"ckeditor-html5-video\" data-responsive=\"true\" style=\"text-align:center\">\r\n<video controls=\"controls\" controlslist=\"nodownload\" src=\"/media/ckeditor-media/admin/2023/06/12/013-variable-modifiers-register.mp4\" style=\"max-width: 100%; height: auto;\">&nbsp;</video>\r\n</div>\r\n\r\n<p>&nbsp;</p>",
    "order": 1
  }
},
{
  "model": "courses.lecture",
  "pk": 15,
  "fields": {
    "module": 5,
    "topic": "Taking Care Of Missing Data",
    "content": "<div class=\"ckeditor-html5-video\" data-responsive=\"true\" style=\"text-align:center\">\r\n<video controls=\"controls\" controlslist=\"nodownload\" src=\"/media/ckeditor-media/admin/2023/06/12/013-variable-modifiers-register.mp4\" style=\"max-width: 100%; height: auto;\">&nbsp;</video>\r\n</div>\r\n\r\n<p>&nbsp;</p>",
    "order": 2
  }
},
{
  "model": "courses.lecture",
  "pk": 16,
  "fields": {
    "module": 6,
    "topic": "Getting Started",
    "content": "<div class=\"ckeditor-html5-video\" data-responsive=\"true\" style=\"text-align:center\">\r\n<video controls=\"controls\" controlslist=\"nodownload\" src=\"/media/ckeditor-media/admin/2023/06/12/013-variable-modifiers-register.mp4\" style=\"max-width: 100%; height: auto;\">&nbsp;</video>\r\n</div>\r\n\r\n<p>&nbsp;</p>",
    "order": 1
  }
},
{
  "model": "courses.lecture",
  "pk": 17,
  "fields": {
    "module": 6,
    "topic": "Dataset Description",
    "content": "<div class=\"ckeditor-html5-video\" data-responsive=\"true\" style=\"text-align:center\">\r\n<video controls=\"controls\" controlslist=\"nodownload\" src=\"/media/ckeditor-media/admin/2023/06/12/013-variable-modifiers-register.mp4\" style=\"max-width: 100%; height: auto;\">&nbsp;</video>\r\n</div>\r\n\r\n<p>&nbsp;</p>",
    "order": 2
  }
},
{
  "model": "courses.lecture",
  "pk": 18,
  "fields": {
    "module": 6,
    "topic": "Taking Care Of Missing Data",
    "content": "<div class=\"ckeditor-html5-video\" data-responsive=\"true\" style=\"text-align:center\">\r\n<video controls=\"controls\" controlslist=\"nodownload\" src=\"/media/ckeditor-media/admin/2023/06/12/013-variable-modifiers-register.mp4\" style=\"max-width: 100%; height: auto;\">&nbsp;</video>\r\n</div>\r\n\r\n<p>&nbsp;</p>",
    "order": 3
  }
},
{
  "model": "courses.lecture",
  "pk": 19,
  "fields": {
    "module": 7,
    "topic": "Simple Linear Regression Intuition",
    "content": "<div class=\"ckeditor-html5-video\" data-responsive=\"true\" style=\"text-align:center\">\r\n<video controls=\"controls\" controlslist=\"nodownload\" src=\"/media/ckeditor-media/admin/2023/06/12/013-variable-modifiers-register.mp4\" style=\"max-width: 100%; height: auto;\">&nbsp;</video>\r\n</div>\r\n\r\n<p>&nbsp;</p>",
    "order": 1
  }
},
{
  "model": "courses.lecture",
  "pk": 20,
  "fields": {
    "module": 7,
    "topic": "Ordinary Least Squares",
    "content": "<div class=\"ckeditor-html5-video\" data-responsive=\"true\" style=\"text-align:center\">\r\n<video controls=\"controls\" controlslist=\"nodownload\" src=\"/media/ckeditor-media/admin/2023/06/12/013-variable-modifiers-register.mp4\" style=\"max-width: 100%; height: auto;\">&nbsp;</video>\r\n</div>\r\n\r\n<p>&nbsp;</p>",
    "order": 2
  }
},
{
  "model": "courses.lecture",
  "pk": 21,
  "fields": {
    "module": 7,
    "topic": "Simple Linear Regression In Python",
    "content": "<div class=\"ckeditor-html5-video\" data-responsive=\"true\" style=\"text-align:center\">\r\n<video controls=\"controls\" controlslist=\"nodownload\" src=\"/media/ckeditor-media/admin/2023/06/12/013-variable-modifiers-register.mp4\" style=\"max-width: 100%; height: auto;\">&nbsp;</video>\r\n</div>\r\n\r\n<p>&nbsp;</p>",
    "order": 3
  }
},
{
  "model": "courses.lecture",
  "pk": 22,
  "fields": {
    "module": 8,
    "topic": "Dataset + Business Problem Description",
    "content": "<div class=\"ckeditor-html5-video\" data-responsive=\"true\" style=\"text-align:center\">\r\n<video controls=\"controls\" controlslist=\"nodownload\" src=\"/media/ckeditor-media/admin/2023/06/12/013-variable-modifiers-register.mp4\" style=\"max-width: 100%; height: auto;\">&nbsp;</video>\r\n</div>\r\n\r\n<p>&nbsp;</p>",
    "order": 1
  }
},
{
  "model": "courses.lecture",
  "pk": 23,
  "fields": {
    "module": 8,
    "topic": "Multiple Linear Regression Intuition",
    "content": "<div class=\"ckeditor-html5-video\" data-responsive=\"true\" style=\"text-align:center\">\r\n<video controls=\"controls\" controlslist=\"nodownload\" src=\"/media/ckeditor-media/admin/2023/06/12/013-variable-modifiers-register.mp4\" style=\"max-width: 100%; height: auto;\">&nbsp;</video>\r\n</div>\r\n\r\n<p>&nbsp;</p>",
    "order": 2
  }
},
{
  "model": "courses.lecture",
  "pk": 24,
  "fields": {
    "module": 8,
    "topic": "Understanding the P-Value",
    "content": "<div class=\"ckeditor-html5-video\" data-responsive=\"true\" style=\"text-align:center\">\r\n<video controls=\"controls\" controlslist=\"nodownload\" src=\"/media/ckeditor-media/admin/2023/06/12/013-variable-modifiers-register.mp4\" style=\"max-width: 100%; height: auto;\">&nbsp;</video>\r\n</div>\r\n\r\n<p>&nbsp;</p>",
    "order": 3
  }
},
{
  "model": "courses.lecture",
  "pk": 25,
  "fields": {
    "module": 9,
    "topic": "Installing Android Studio",
    "content": "<div class=\"ckeditor-html5-video\" data-responsive=\"true\" style=\"text-align:center\">\r\n<video controls=\"controls\" controlslist=\"nodownload\" src=\"/media/ckeditor-media/admin/2023/06/12/013-variable-modifiers-register.mp4\" style=\"max-width: 100%; height: auto;\">&nbsp;</video>\r\n</div>\r\n\r\n<p>&nbsp;</p>",
    "order": 1
  }
},
{
  "model": "courses.lecture",
  "pk": 26,
  "fields": {
    "module": 9,
    "topic": "Setting up the Emulator",
    "content": "<div class=\"ckeditor-html5-video\" data-responsive=\"true\" style=\"text-align:center\">\r\n<video controls=\"controls\" controlslist=\"nodownload\" src=\"/media/ckeditor-media/admin/2023/06/12/013-variable-modifiers-register.mp4\" style=\"max-width: 100%; height: auto;\">&nbsp;</video>\r\n</div>\r\n\r\n<p>&nbsp;</p>",
    "order": 2
  }
},
{
  "model": "courses.lecture",
  "pk": 27,
  "fields": {
    "module": 9,
    "topic": "Hello World",
    "content": "<div class=\"ckeditor-html5-video\" data-responsive=\"true\" style=\"text-align:center\">\r\n<video controls=\"controls\" controlslist=\"nodownload\" src=\"/media/ckeditor-media/admin/2023/06/12/013-variable-modifiers-register.mp4\" style=\"max-width: 100%; height: auto;\">&nbsp;</video>\r\n</div>\r\n\r\n<p>&nbsp;</p>",
    "order": 3
  }
},
{
  "model": "courses.lecture",
  "pk": 28,
  "fields": {
    "module": 10,
    "topic": "Variables and difference between val and var",
    "content": "<div class=\"ckeditor-html5-video\" data-responsive=\"true\" style=\"text-align:center\">\r\n<video controls=\"controls\" controlslist=\"nodownload\" src=\"/media/ckeditor-media/admin/2023/06/12/013-variable-modifiers-register.mp4\" style=\"max-width: 100%; height: auto;\">&nbsp;</video>\r\n</div>\r\n\r\n<p>&nbsp;</p>",
    "order": 1
  }
},
{
  "model": "courses.lecture",
  "pk": 29,
  "fields": {
    "module": 10,
    "topic": "Datatypes of numbers",
    "content": "<div class=\"ckeditor-html5-video\" data-responsive=\"true\" style=\"text-align:center\">\r\n<video controls=\"controls\" controlslist=\"nodownload\" src=\"/media/ckeditor-media/admin/2023/06/12/013-variable-modifiers-register.mp4\" style=\"max-width: 100%; height: auto;\">&nbsp;</video>\r\n</div>\r\n\r\n<p>&nbsp;</p>",
    "order": 2
  }
},
{
  "model": "courses.lecture",
  "pk": 30,
  "fields": {
    "module": 10,
    "topic": "Datatypes bool, char and string",
    "content": "<div class=\"ckeditor-html5-video\" data-responsive=\"true\" style=\"text-align:center\">\r\n<video controls=\"controls\" controlslist=\"nodownload\" src=\"/media/ckeditor-media/admin/2023/06/12/013-variable-modifiers-register.mp4\" style=\"max-width: 100%; height: auto;\">&nbsp;</video>\r\n</div>\r\n\r\n<p>&nbsp;</p>",
    "order": 3
  }
},
{
  "model": "courses.lecture",
  "pk": 31,
  "fields": {
    "module": 11,
    "topic": "Introduction to OOP",
    "content": "<div class=\"ckeditor-html5-video\" data-responsive=\"true\" style=\"text-align:center\">\r\n<video controls=\"controls\" controlslist=\"nodownload\" src=\"/media/ckeditor-media/admin/2023/06/12/013-variable-modifiers-register.mp4\" style=\"max-width: 100%; height: auto;\">&nbsp;</video>\r\n</div>\r\n\r\n<p>&nbsp;</p>",
    "order": 1
  }
},
{
  "model": "courses.lecture",
  "pk": 32,
  "fields": {
    "module": 11,
    "topic": "Classes and Objects",
    "content": "<div class=\"ckeditor-html5-video\" data-responsive=\"true\" style=\"text-align:center\">\r\n<video controls=\"controls\" controlslist=\"nodownload\" src=\"/media/ckeditor-media/admin/2023/06/12/013-variable-modifiers-register.mp4\" style=\"max-width: 100%; height: auto;\">&nbsp;</video>\r\n</div>\r\n\r\n<p>&nbsp;</p>",
    "order": 2
  }
},
{
  "model": "courses.lecture",
  "pk": 33,
  "fields": {
    "module": 11,
    "topic": "Classes And Initializers",
    "content": "<div class=\"ckeditor-html5-video\" data-responsive=\"true\" style=\"text-align:center\">\r\n<video controls=\"controls\" controlslist=\"nodownload\" src=\"/media/ckeditor-media/admin/2023/06/12/013-variable-modifiers-register.mp4\" style=\"max-width: 100%; height: auto;\">&nbsp;</video>\r\n</div>\r\n\r\n<p>&nbsp;</p>",
    "order": 3
  }
},
{
  "model": "courses.lecture",
  "pk": 34,
  "fields": {
    "module": 12,
    "topic": "Overview Collections",
    "content": "<div class=\"ckeditor-html5-video\" data-responsive=\"true\" style=\"text-align:center\">\r\n<video controls=\"controls\" controlslist=\"nodownload\" src=\"/media/ckeditor-media/admin/2023/06/12/013-variable-modifiers-register.mp4\" style=\"max-width: 100%; height: auto;\">&nbsp;</video>\r\n</div>\r\n\r\n<p>&nbsp;</p>",
    "order": 1
  }
},
{
  "model": "courses.lecture",
  "pk": 35,
  "fields": {
    "module": 12,
    "topic": "Arrays",
    "content": "<div class=\"ckeditor-html5-video\" data-responsive=\"true\" style=\"text-align:center\">\r\n<video controls=\"controls\" controlslist=\"nodownload\" src=\"/media/ckeditor-media/admin/2023/06/12/013-variable-modifiers-register.mp4\" style=\"max-width: 100%; height: auto;\">&nbsp;</video>\r\n</div>\r\n\r\n<p>&nbsp;</p>",
    "order": 2
  }
},
{
  "model": "courses.lecture",
  "pk": 36,
  "fields": {
    "module": 12,
    "topic": "Lists",
    "content": "<div class=\"ckeditor-html5-video\" data-responsive=\"true\" style=\"text-align:center\">\r\n<video controls=\"controls\" controlslist=\"nodownload\" src=\"/media/ckeditor-media/admin/2023/06/12/013-variable-modifiers-register.mp4\" style=\"max-width: 100%; height: auto;\">&nbsp;</video>\r\n</div>\r\n\r\n<p>&nbsp;</p>",
    "order": 3
  }
},
{
  "model": "courses.lecture",
  "pk": 37,
  "fields": {
    "module": 13,
    "topic": "Install JDK 17 for Windows",
    "content": "<div class=\"ckeditor-html5-video\" data-responsive=\"true\" style=\"text-align:center\">\r\n<video controls=\"controls\" controlslist=\"nodownload\" src=\"/media/ckeditor-media/admin/2023/06/12/013-variable-modifiers-register.mp4\" style=\"max-width: 100%; height: auto;\">&nbsp;</video>\r\n</div>\r\n\r\n<p>&nbsp;</p>",
    "order": 1
  }
},
{
  "model": "courses.lecture",
  "pk": 38,
  "fields": {
    "module": 13,
    "topic": "Install JDK 11 for Mac",
    "content": "<div class=\"ckeditor-html5-video\" data-responsive=\"true\" style=\"text-align:center\">\r\n<video controls=\"controls\" controlslist=\"nodownload\" src=\"/media/ckeditor-media/admin/2023/06/12/013-variable-modifiers-register.mp4\" style=\"max-width: 100%; height: auto;\">&nbsp;</video>\r\n</div>\r\n\r\n<p>&nbsp;</p>",
    "order": 2
  }
},
{
  "model": "courses.lecture",
  "pk": 39,
  "fields": {
    "module": 13,
    "topic": "Install JDK 11 for Linux",
    "content": "<div class=\"ckeditor-html5-video\" data-responsive=\"true\" style=\"text-align:center\">\r\n<video controls=\"controls\" controlslist=\"nodownload\" src=\"/media/ckeditor-media/admin/2023/06/12/013-variable-modifiers-register.mp4\" style=\"max-width: 100%; height: auto;\">&nbsp;</video>\r\n</div>\r\n\r\n<p>&nbsp;</p>",
    "order": 3
  }
},
{
  "model": "courses.lecture",
  "pk": 40,
  "fields": {
    "module": 14,
    "topic": "Hello World",
    "content": "<div class=\"ckeditor-html5-video\" data-responsive=\"true\" style=\"text-align:center\">\r\n<video controls=\"controls\" controlslist=\"nodownload\" src=\"/media/ckeditor-media/admin/2023/06/12/013-variable-modifiers-register.mp4\" style=\"max-width: 100%; height: auto;\">&nbsp;</video>\r\n</div>\r\n\r\n<p>&nbsp;</p>",
    "order": 1
  }
},
{
  "model": "courses.lecture",
  "pk": 41,
  "fields": {
    "module": 14,
    "topic": "Variables",
    "content": "<div class=\"ckeditor-html5-video\" data-responsive=\"true\" style=\"text-align:center\">\r\n<video controls=\"controls\" controlslist=\"nodownload\" src=\"/media/ckeditor-media/admin/2023/06/12/013-variable-modifiers-register.mp4\" style=\"max-width: 100%; height: auto;\">&nbsp;</video>\r\n</div>\r\n\r\n<p>&nbsp;</p>",
    "order": 2
  }
},
{
  "model": "courses.lecture",
  "pk": 42,
  "fields": {
    "module": 14,
    "topic": "Starting out with Expressions",
    "content": "<div class=\"ckeditor-html5-video\" data-responsive=\"true\" style=\"text-align:center\">\r\n<video controls=\"controls\" controlslist=\"nodownload\" src=\"/media/ckeditor-media/admin/2023/06/12/013-variable-modifiers-register.mp4\" style=\"max-width: 100%; height: auto;\">&nbsp;</video>\r\n</div>\r\n\r\n<p>&nbsp;</p>",
    "order": 3
  }
},
{
  "model": "courses.lecture",
  "pk": 43,
  "fields": {
    "module": 15,
    "topic": "From JShell to an IDE",
    "content": "<div class=\"ckeditor-html5-video\" data-responsive=\"true\" style=\"text-align:center\">\r\n<video controls=\"controls\" controlslist=\"nodownload\" src=\"/media/ckeditor-media/admin/2023/06/12/013-variable-modifiers-register.mp4\" style=\"max-width: 100%; height: auto;\">&nbsp;</video>\r\n</div>\r\n\r\n<p>&nbsp;</p>",
    "order": 1
  }
},
{
  "model": "courses.lecture",
  "pk": 44,
  "fields": {
    "module": 15,
    "topic": "Installing IntelliJ IDEA for Windows",
    "content": "<div class=\"ckeditor-html5-video\" data-responsive=\"true\" style=\"text-align:center\">\r\n<video controls=\"controls\" controlslist=\"nodownload\" src=\"/media/ckeditor-media/admin/2023/06/12/013-variable-modifiers-register.mp4\" style=\"max-width: 100%; height: auto;\">&nbsp;</video>\r\n</div>\r\n\r\n<p>&nbsp;</p>",
    "order": 2
  }
},
{
  "model": "courses.lecture",
  "pk": 45,
  "fields": {
    "module": 15,
    "topic": "Installing IntelliJ IDEA for Mac",
    "content": "<div class=\"ckeditor-html5-video\" data-responsive=\"true\" style=\"text-align:center\">\r\n<video controls=\"controls\" controlslist=\"nodownload\" src=\"/media/ckeditor-media/admin/2023/06/12/013-variable-modifiers-register.mp4\" style=\"max-width: 100%; height: auto;\">&nbsp;</video>\r\n</div>\r\n\r\n<p>&nbsp;</p>",
    "order": 3
  }
},
{
  "model": "courses.lecture",
  "pk": 46,
  "fields": {
    "module": 16,
    "topic": "Keywords and Expressions",
    "content": "<div class=\"ckeditor-html5-video\" data-responsive=\"true\" style=\"text-align:center\">\r\n<video controls=\"controls\" controlslist=\"nodownload\" src=\"/media/ckeditor-media/admin/2023/06/12/013-variable-modifiers-register.mp4\" style=\"max-width: 100%; height: auto;\">&nbsp;</video>\r\n</div>\r\n\r\n<p>&nbsp;</p>",
    "order": 1
  }
},
{
  "model": "courses.lecture",
  "pk": 47,
  "fields": {
    "module": 16,
    "topic": "Statements, Whitespace and Indentation (Code Organization)",
    "content": "<div class=\"ckeditor-html5-video\" data-responsive=\"true\" style=\"text-align:center\">\r\n<video controls=\"controls\" controlslist=\"nodownload\" src=\"/media/ckeditor-media/admin/2023/06/12/013-variable-modifiers-register.mp4\" style=\"max-width: 100%; height: auto;\">&nbsp;</video>\r\n</div>\r\n\r\n<p>&nbsp;</p>",
    "order": 2
  }
},
{
  "model": "courses.lecture",
  "pk": 48,
  "fields": {
    "module": 16,
    "topic": "Code Blocks And The If Then Else Control Statement",
    "content": "<div class=\"ckeditor-html5-video\" data-responsive=\"true\" style=\"text-align:center\">\r\n<video controls=\"controls\" controlslist=\"nodownload\" src=\"/media/ckeditor-media/admin/2023/06/12/013-variable-modifiers-register.mp4\" style=\"max-width: 100%; height: auto;\">&nbsp;</video>\r\n</div>\r\n\r\n<p>&nbsp;</p>",
    "order": 3
  }
},
{
  "model": "users.userprofile",
  "pk": 1,
  "fields": {
    "user": [
      "admin"
    ],
    "image": "profile_image/placeholder.jpg",
    "headline": null,
    "overview": null
  }
},
{
  "model": "users.userprofile",
  "pk": 2,
  "fields": {
    "user": [
      "testuser"
    ],
    "image": "profile_image/placeholder.jpg",
    "headline": null,
    "overview": null
  }
},
{
  "model": "purchase.coupon",
  "pk": 1,
  "fields": {
    "code": "VALID_COUPON_CODE",
    "discount": "30.00",
    "start_date": "2023-06-14T19:15:25Z",
    "end_date": "2023-06-14T22:24:50Z"
  }
},
{
  "model": "purchase.payment",
  "pk": 13,
  "fields": {
    "user": [
      "admin"
    ],
    "amount": "32.00",
    "time": "2023-06-25T20:59:45.294Z",
    "courses": [
      1,
      2
    ]
  }
},
{
  "model": "purchase.payment",
  "pk": 14,
  "fields": {
    "user": [
      "admin"
    ],
    "amount": "15.00",
    "time": "2023-06-25T21:01:06.068Z",
    "courses": [
      3
    ]
  }
},
{
  "model": "purchase.notification",
  "pk": 1,
  "fields": {
    "actor": [
      "admin"
    ],
    "course": 1,
    "recipient": [
      "testuser"
    ],
    "read": true,
    "timestamp": "2023-06-25T20:59:46.492Z"
  }
},
{
  "model": "purchase.notification",
  "pk": 2,
  "fields": {
    "actor": [
      "admin"
    ],
    "course": 2,
    "recipient": [
      "testuser"
    ],
    "read": false,
    "timestamp": "2023-06-25T20:59:47.702Z"
  }
},
{
  "model": "purchase.notification",
  "pk": 3,
  "fields": {
    "actor": [
      "admin"
    ],
    "course": 3,
    "recipient": [
      "testuser"
    ],
    "read": false,
    "timestamp": "2023-06-25T21:01:07.061Z"
  }
},
{
  "model": "account.emailaddress",
  "pk": 1,
  "fields": {
    "user": [
      "admin"
    ],
    "email": "admin@company.com",
    "verified": false,
    "primary": true
  }
},
{
  "model": "account.emailaddress",
  "pk": 2,
  "fields": {
    "user": [
      "testuser"
    ],
    "email": "testuser@company.com",
    "verified": false,
    "primary": true
  }
},
{
  "model": "admin.logentry",
  "pk": 1,
  "fields": {
    "action_time": "2023-06-12T19:38:33.372Z",
    "user": [
      "admin"
    ],
    "content_type": [
      "courses",
      "category"
    ],
    "object_id": "1",
    "object_repr": "Web Development",
    "action_flag": 1,
    "change_message": "[{\"added\": {}}]"
  }
},
{
  "model": "admin.logentry",
  "pk": 2,
  "fields": {
    "action_time": "2023-06-12T19:38:44.875Z",
    "user": [
      "admin"
    ],
    "content_type": [
      "courses",
      "category"
    ],
    "object_id": "2",
    "object_repr": "Data Science",
    "action_flag": 1,
    "change_message": "[{\"added\": {}}]"
  }
},
{
  "model": "admin.logentry",
  "pk": 3,
  "fields": {
    "action_time": "2023-06-12T19:38:59.914Z",
    "user": [
      "admin"
    ],
    "content_type": [
      "courses",
      "category"
    ],
    "object_id": "3",
    "object_repr": "Mobile Development",
    "action_flag": 1,
    "change_message": "[{\"added\": {}}]"
  }
},
{
  "model": "admin.logentry",
  "pk": 4,
  "fields": {
    "action_time": "2023-06-12T19:39:20.085Z",
    "user": [
      "admin"
    ],
    "content_type": [
      "courses",
      "category"
    ],
    "object_id": "4",
    "object_repr": "Programming Languages",
    "action_flag": 1,
    "change_message": "[{\"added\": {}}]"
  }
},
{
  "model": "admin.logentry",
  "pk": 5,
  "fields": {
    "action_time": "2023-06-12T19:39:32.722Z",
    "user": [
      "admin"
    ],
    "content_type": [
      "courses",
      "category"
    ],
    "object_id": "5",
    "object_repr": "Game Development",
    "action_flag": 1,
    "change_message": "[{\"added\": {}}]"
  }
},
{
  "model": "admin.logentry",
  "pk": 6,
  "fields": {
    "action_time": "2023-06-13T09:20:08.901Z",
    "user": [
      "admin"
    ],
    "content_type": [
      "courses",
      "category"
    ],
    "object_id": "1",
    "object_repr": "Web Development",
    "action_flag": 2,
    "change_message": "[{\"changed\": {\"fields\": [\"Thumbnail\"]}}]"
  }
},
{
  "model": "admin.logentry",
  "pk": 7,
  "fields": {
    "action_time": "2023-06-13T09:20:26.770Z",
    "user": [
      "admin"
    ],
    "content_type": [
      "courses",
      "category"
    ],
    "object_id": "2",
    "object_repr": "Data Science",
    "action_flag": 2,
    "change_message": "[{\"changed\": {\"fields\": [\"Thumbnail\"]}}]"
  }
},
{
  "model": "admin.logentry",
  "pk": 8,
  "fields": {
    "action_time": "2023-06-13T09:20:43.167Z",
    "user": [
      "admin"
    ],
    "content_type": [
      "courses",
      "category"
    ],
    "object_id": "3",
    "object_repr": "Mobile Development",
    "action_flag": 2,
    "change_message": "[{\"changed\": {\"fields\": [\"Thumbnail\"]}}]"
  }
},
{
  "model": "admin.logentry",
  "pk": 9,
  "fields": {
    "action_time": "2023-06-13T09:20:58.877Z",
    "user": [
      "admin"
    ],
    "content_type": [
      "courses",
      "category"
    ],
    "object_id": "4",
    "object_repr": "Programming Languages",
    "action_flag": 2,
    "change_message": "[{\"changed\": {\"fields\": [\"Thumbnail\"]}}]"
  }
},
{
  "model": "admin.logentry",
  "pk": 10,
  "fields": {
    "action_time": "2023-06-13T09:21:22.169Z",
    "user": [
      "admin"
    ],
    "content_type": [
      "courses",
      "category"
    ],
    "object_id": "5",
    "object_repr": "Game Development",
    "action_flag": 2,
    "change_message": "[{\"changed\": {\"fields\": [\"Thumbnail\"]}}]"
  }
},
{
  "model": "admin.logentry",
  "pk": 11,
  "fields": {
    "action_time": "2023-06-14T19:15:57.896Z",
    "user": [
      "admin"
    ],
    "content_type": [
      "purchase",
      "coupon"
    ],
    "object_id": "1",
    "object_repr": "VALID_COUPON_CODE",
    "action_flag": 1,
    "change_message": "[{\"added\": {}}]"
  }
},
{
  "model": "admin.logentry",
  "pk": 12,
  "fields": {
    "action_time": "2023-06-14T19:18:08.347Z",
    "user": [
      "admin"
    ],
    "content_type": [
      "purchase",
      "coupon"
    ],
    "object_id": "1",
    "object_repr": "VALID_COUPON_CODE",
    "action_flag": 2,
    "change_message": "[{\"changed\": {\"fields\": [\"End date\"]}}]"
  }
},
{
  "model": "admin.logentry",
  "pk": 13,
  "fields": {
    "action_time": "2023-06-14T20:18:19.952Z",
    "user": [
      "admin"
    ],
    "content_type": [
      "purchase",
      "coupon"
    ],
    "object_id": "1",
    "object_repr": "VALID_COUPON_CODE",
    "action_flag": 2,
    "change_message": "[{\"changed\": {\"fields\": [\"End date\"]}}]"
  }
},
{
  "model": "admin.logentry",
  "pk": 14,
  "fields": {
    "action_time": "2023-06-14T20:19:34.566Z",
    "user": [
      "admin"
    ],
    "content_type": [
      "purchase",
      "coupon"
    ],
    "object_id": "1",
    "object_repr": "VALID_COUPON_CODE",
    "action_flag": 2,
    "change_message": "[{\"changed\": {\"fields\": [\"End date\"]}}]"
  }
},
{
  "model": "admin.logentry",
  "pk": 15,
  "fields": {
    "action_time": "2023-06-14T20:23:27.506Z",
    "user": [
      "admin"
    ],
    "content_type": [
      "purchase",
      "coupon"
    ],
    "object_id": "1",
    "object_repr": "VALID_COUPON_CODE",
    "action_flag": 2,
    "change_message": "[{\"changed\": {\"fields\": [\"End date\"]}}]"
  }
},
{
  "model": "admin.logentry",
  "pk": 16,
  "fields": {
    "action_time": "2023-06-14T20:25:46.478Z",
    "user": [
      "admin"
    ],
    "content_type": [
      "purchase",
      "coupon"
    ],
    "object_id": "1",
    "object_repr": "VALID_COUPON_CODE",
    "action_flag": 2,
    "change_message": "[{\"changed\": {\"fields\": [\"Discount\", \"End date\"]}}]"
  }
},
{
  "model": "admin.logentry",
  "pk": 17,
  "fields": {
    "action_time": "2023-06-15T16:32:04.652Z",
    "user": [
      "admin"
    ],
    "content_type": [
      "courses",
      "lecture"
    ],
    "object_id": "14",
    "object_repr": "Importing The Dataset",
    "action_flag": 2,
    "change_message": "[{\"changed\": {\"fields\": [\"Content\"]}}]"
  }
},
{
  "model": "admin.logentry",
  "pk": 18,
  "fields": {
    "action_time": "2023-06-15T16:32:57.794Z",
    "user": [
      "admin"
    ],
    "content_type": [
      "courses",
      "lecture"
    ],
    "object_id": "14",
    "object_repr": "Importing The Dataset",
    "action_flag": 2,
    "change_message": "[{\"changed\": {\"fields\": [\"Content\"]}}]"
  }
},
{
  "model": "admin.logentry",
  "pk": 19,
  "fields": {
    "action_time": "2023-06-25T14:45:36.173Z",
    "user": [
      "admin"
    ],
    "content_type": [
      "courses",
      "course"
    ],
    "object_id": "1",
    "object_repr": "Modern React with Redux",
    "action_flag": 2,
    "change_message": "[{\"changed\": {\"fields\": [\"Owner\"]}}]"
  }
},
{
  "model": "admin.logentry",
  "pk": 20,
  "fields": {
    "action_time": "2023-06-25T14:49:27.460Z",
    "user": [
      "admin"
    ],
    "content_type": [
      "courses",
      "course"
    ],
    "object_id": "1",
    "object_repr": "Modern React with Redux",
    "action_flag": 2,
    "change_message": "[{\"changed\": {\"fields\": [\"Students\"]}}]"
  }
},
{
  "model": "admin.logentry",
  "pk": 21,
  "fields": {
    "action_time": "2023-06-25T15:52:50.825Z",
    "user": [
      "admin"
    ],
    "content_type": [
      "courses",
      "course"
    ],
    "object_id": "4",
    "object_repr": "Java Programming Masterclass updated to Java 17",
    "action_flag": 2,
    "change_message": "[{\"changed\": {\"fields\": [\"Owner\"]}}]"
  }
},
{
  "model": "admin.logentry",
  "pk": 22,
  "fields": {
    "action_time": "2023-06-25T15:57:37.356Z",
    "user": [
      "admin"
    ],
    "content_type": [
      "courses",
      "course"
    ],
    "object_id": "4",
    "object_repr": "Java Programming Masterclass updated to Java 17",
    "action_flag": 2,
    "change_message": "[{\"changed\": {\"fields\": [\"Students\"]}}]"
  }
},
{
  "model": "admin.logentry",
  "pk": 23,
  "fields": {
    "action_time": "2023-06-25T15:58:04.704Z",
    "user": [
      "admin"
    ],
    "content_type": [
      "purchase",
      "payment"
    ],
    "object_id": "3",
    "object_repr": "Payment object (3)",
    "action_flag": 3,
    "change_message": ""
  }
},
{
  "model": "admin.logentry",
  "pk": 24,
  "fields": {
    "action_time": "2023-06-25T16:13:23.712Z",
    "user": [
      "admin"
    ],
    "content_type": [
      "courses",
      "course"
    ],
    "object_id": "4",
    "object_repr": "Java Programming Masterclass updated to Java 17",
    "action_flag": 2,
    "change_message": "[{\"changed\": {\"fields\": [\"Students\"]}}]"
  }
},
{
  "model": "admin.logentry",
  "pk": 25,
  "fields": {
    "action_time": "2023-06-25T16:17:03.885Z",
    "user": [
      "admin"
    ],
    "content_type": [
      "courses",
      "course"
    ],
    "object_id": "4",
    "object_repr": "Java Programming Masterclass updated to Java 17",
    "action_flag": 2,
    "change_message": "[{\"changed\": {\"fields\": [\"Students\"]}}]"
  }
},
{
  "model": "admin.logentry",
  "pk": 26,
  "fields": {
    "action_time": "2023-06-25T16:19:31.370Z",
    "user": [
      "admin"
    ],
    "content_type": [
      "courses",
      "course"
    ],
    "object_id": "4",
    "object_repr": "Java Programming Masterclass updated to Java 17",
    "action_flag": 2,
    "change_message": "[{\"changed\": {\"fields\": [\"Students\"]}}]"
  }
},
{
  "model": "admin.logentry",
  "pk": 27,
  "fields": {
    "action_time": "2023-06-25T16:21:37.359Z",
    "user": [
      "admin"
    ],
    "content_type": [
      "courses",
      "course"
    ],
    "object_id": "4",
    "object_repr": "Java Programming Masterclass updated to Java 17",
    "action_flag": 2,
    "change_message": "[{\"changed\": {\"fields\": [\"Students\"]}}]"
  }
},
{
  "model": "admin.logentry",
  "pk": 28,
  "fields": {
    "action_time": "2023-06-25T16:24:05.966Z",
    "user": [
      "admin"
    ],
    "content_type": [
      "courses",
      "course"
    ],
    "object_id": "4",
    "object_repr": "Java Programming Masterclass updated to Java 17",
    "action_flag": 2,
    "change_message": "[{\"changed\": {\"fields\": [\"Students\"]}}]"
  }
},
{
  "model": "admin.logentry",
  "pk": 29,
  "fields": {
    "action_time": "2023-06-25T16:25:18.564Z",
    "user": [
      "admin"
    ],
    "content_type": [
      "courses",
      "course"
    ],
    "object_id": "4",
    "object_repr": "Java Programming Masterclass updated to Java 17",
    "action_flag": 2,
    "change_message": "[{\"changed\": {\"fields\": [\"Students\"]}}]"
  }
},
{
  "model": "admin.logentry",
  "pk": 30,
  "fields": {
    "action_time": "2023-06-25T16:25:57.852Z",
    "user": [
      "admin"
    ],
    "content_type": [
      "courses",
      "course"
    ],
    "object_id": "4",
    "object_repr": "Java Programming Masterclass updated to Java 17",
    "action_flag": 2,
    "change_message": "[{\"changed\": {\"fields\": [\"Students\"]}}]"
  }
},
{
  "model": "admin.logentry",
  "pk": 31,
  "fields": {
    "action_time": "2023-06-25T16:27:17.937Z",
    "user": [
      "admin"
    ],
    "content_type": [
      "courses",
      "course"
    ],
    "object_id": "4",
    "object_repr": "Java Programming Masterclass updated to Java 17",
    "action_flag": 2,
    "change_message": "[{\"changed\": {\"fields\": [\"Students\"]}}]"
  }
},
{
  "model": "admin.logentry",
  "pk": 32,
  "fields": {
    "action_time": "2023-06-25T20:56:16.698Z",
    "user": [
      "admin"
    ],
    "content_type": [
      "courses",
      "course"
    ],
    "object_id": "4",
    "object_repr": "Java Programming Masterclass updated to Java 17",
    "action_flag": 2,
    "change_message": "[{\"changed\": {\"fields\": [\"Students\"]}}]"
  }
},
{
  "model": "admin.logentry",
  "pk": 33,
  "fields": {
    "action_time": "2023-06-25T20:56:33.303Z",
    "user": [
      "admin"
    ],
    "content_type": [
      "courses",
      "course"
    ],
    "object_id": "3",
    "object_repr": "The Complete Android 12 & Kotlin Development Masterclass",
    "action_flag": 2,
    "change_message": "[{\"changed\": {\"fields\": [\"Owner\", \"Students\"]}}]"
  }
},
{
  "model": "admin.logentry",
  "pk": 34,
  "fields": {
    "action_time": "2023-06-25T20:56:55.772Z",
    "user": [
      "admin"
    ],
    "content_type": [
      "courses",
      "course"
    ],
    "object_id": "2",
    "object_repr": "Machine Learning A-Z™: AI, Python & R + ChatGPT Bonus",
    "action_flag": 2,
    "change_message": "[{\"changed\": {\"fields\": [\"Owner\", \"Students\"]}}]"
  }
},
{
  "model": "admin.logentry",
  "pk": 35,
  "fields": {
    "action_time": "2023-06-25T20:57:06.063Z",
    "user": [
      "admin"
    ],
    "content_type": [
      "courses",
      "course"
    ],
    "object_id": "1",
    "object_repr": "Modern React with Redux",
    "action_flag": 2,
    "change_message": "[]"
  }
},
{
  "model": "admin.logentry",
  "pk": 36,
  "fields": {
    "action_time": "2023-06-26T05:35:44.525Z",
    "user": [
      "admin"
    ],
    "content_type": [
      "purchase",
      "payment"
    ],
    "object_id": "12",
    "object_repr": "Payment object (12)",
    "action_flag": 3,
    "change_message": ""
  }
},
{
  "model": "admin.logentry",
  "pk": 37,
  "fields": {
    "action_time": "2023-06-26T05:35:44.773Z",
    "user": [
      "admin"
    ],
    "content_type": [
      "purchase",
      "payment"
    ],
    "object_id": "11",
    "object_repr": "Payment object (11)",
    "action_flag": 3,
    "change_message": ""
  }
},
{
  "model": "admin.logentry",
  "pk": 38,
  "fields": {
    "action_time": "2023-06-26T05:35:45.042Z",
    "user": [
      "admin"
    ],
    "content_type": [
      "purchase",
      "payment"
    ],
    "object_id": "10",
    "object_repr": "Payment object (10)",
    "action_flag": 3,
    "change_message": ""
  }
},
{
  "model": "admin.logentry",
  "pk": 39,
  "fields": {
    "action_time": "2023-06-26T05:35:45.295Z",
    "user": [
      "admin"
    ],
    "content_type": [
      "purchase",
      "payment"
    ],
    "object_id": "9",
    "object_repr": "Payment object (9)",
    "action_flag": 3,
    "change_message": ""
  }
},
{
  "model": "admin.logentry",
  "pk": 40,
  "fields": {
    "action_time": "2023-06-26T05:35:45.551Z",
    "user": [
      "admin"
    ],
    "content_type": [
      "purchase",
      "payment"
    ],
    "object_id": "8",
    "object_repr": "Payment object (8)",
    "action_flag": 3,
    "change_message": ""
  }
},
{
  "model": "admin.logentry",
  "pk": 41,
  "fields": {
    "action_time": "2023-06-26T05:35:45.807Z",
    "user": [
      "admin"
    ],
    "content_type": [
      "purchase",
      "payment"
    ],
    "object_id": "7",
    "object_repr": "Payment object (7)",
    "action_flag": 3,
    "change_message": ""
  }
},
{
  "model": "admin.logentry",
  "pk": 42,
  "fields": {
    "action_time": "2023-06-26T05:35:46.030Z",
    "user": [
      "admin"
    ],
    "content_type": [
      "purchase",
      "payment"
    ],
    "object_id": "6",
    "object_repr": "Payment object (6)",
    "action_flag": 3,
    "change_message": ""
  }
},
{
  "model": "admin.logentry",
  "pk": 43,
  "fields": {
    "action_time": "2023-06-26T05:35:46.296Z",
    "user": [
      "admin"
    ],
    "content_type": [
      "purchase",
      "payment"
    ],
    "object_id": "5",
    "object_repr": "Payment object (5)",
    "action_flag": 3,
    "change_message": ""
  }
},
{
  "model": "admin.logentry",
  "pk": 44,
  "fields": {
    "action_time": "2023-06-26T05:35:46.552Z",
    "user": [
      "admin"
    ],
    "content_type": [
      "purchase",
      "payment"
    ],
    "object_id": "4",
    "object_repr": "Payment object (4)",
    "action_flag": 3,
    "change_message": ""
  }
},
{
  "model": "admin.logentry",
  "pk": 45,
  "fields": {
    "action_time": "2023-06-26T05:35:46.819Z",
    "user": [
      "admin"
    ],
    "content_type": [
      "purchase",
      "payment"
    ],
    "object_id": "2",
    "object_repr": "Payment object (2)",
    "action_flag": 3,
    "change_message": ""
  }
},
{
  "model": "admin.logentry",
  "pk": 46,
  "fields": {
    "action_time": "2023-06-26T05:35:47.063Z",
    "user": [
      "admin"
    ],
    "content_type": [
      "purchase",
      "payment"
    ],
    "object_id": "1",
    "object_repr": "Payment object (1)",
    "action_flag": 3,
    "change_message": ""
  }
},
{
  "model": "admin.logentry",
  "pk": 47,
  "fields": {
    "action_time": "2023-06-26T10:07:44.713Z",
    "user": [
      "admin"
    ],
    "content_type": [
      "courses",
      "additionalfile"
    ],
    "object_id": "3",
    "object_repr": "AdditionalFile object (3)",
    "action_flag": 3,
    "change_message": ""
  }
},
{
  "model": "admin.logentry",
  "pk": 48,
  "fields": {
    "action_time": "2023-06-26T10:07:45.020Z",
    "user": [
      "admin"
    ],
    "content_type": [
      "courses",
      "additionalfile"
    ],
    "object_id": "2",
    "object_repr": "AdditionalFile object (2)",
    "action_flag": 3,
    "change_message": ""
  }
},
{
  "model": "admin.logentry",
  "pk": 49,
  "fields": {
    "action_time": "2023-06-26T10:07:45.332Z",
    "user": [
      "admin"
    ],
    "content_type": [
      "courses",
      "additionalfile"
    ],
    "object_id": "1",
    "object_repr": "AdditionalFile object (1)",
    "action_flag": 3,
    "change_message": ""
  }
}
]
