[
{
  "model": "auth.user",
  "fields": {
    "password": "pbkdf2_sha256$600000$4ZlCedfBBQXTVvs9aN4ZJo$hy1Nr+mifnpYJroP4LrdNmjaW307eq5KTy4m5aUTjpI=",
    "last_login": "2023-07-02T08:24:27.457Z",
    "is_superuser": true,
    "username": "admin",
    "first_name": "Admin",
    "last_name": "User",
    "email": "admin@company.com",
    "is_staff": true,
    "is_active": true,
    "date_joined": "2023-06-12T18:21:28.713Z",
    "groups": [],
    "user_permissions": []
  }
},
{
  "model": "auth.user",
  "fields": {
    "password": "pbkdf2_sha256$600000$YlAKx2PR5Uraowc0cxndlY$b8Td+ha8oW/Z8KcE8LbrUnU+cqWustoJOkBi/0k+JAc=",
    "last_login": "2023-07-02T07:50:33.418Z",
    "is_superuser": false,
    "username": "testuser",
    "first_name": "Maxwell",
    "last_name": "Academy",
    "email": "maxwellacademy@company.com",
    "is_staff": false,
    "is_active": true,
    "date_joined": "2023-06-13T23:01:24.794Z",
    "groups": [],
    "user_permissions": []
  }
},
{
  "model": "sessions.session",
  "pk": "00a638nftyeu0qkczrif483wrmyfmzfd",
  "fields": {
    "session_data": "eyJjYXJ0Ijp7fX0:1qJMct:MjEQIdiXHTMAPud9oeLulYtOU-0UIsbDzt0umpBCR78",
    "expire_date": "2023-07-25T23:18:35.641Z"
  }
},
{
  "model": "sessions.session",
  "pk": "02k07qqg4p2m9c5ycqlkz67dwuefxw6k",
  "fields": {
    "session_data": "eyJjYXJ0Ijp7fX0:1qKpjG:mKZBLZBE3ddefY1IP4iLPIQRFBtPdSFOduB9ojZm1ho",
    "expire_date": "2023-07-30T00:35:14.268Z"
  }
},
{
  "model": "sessions.session",
  "pk": "07u69z33o6xd4gcjsf8nibqsau3ugjcz",
  "fields": {
    "session_data": "eyJjYXJ0Ijp7fX0:1qO0a2:sNPtc0rm05YXysi0SvuUJbtJKLcOsfOr_1091cWGdiQ",
    "expire_date": "2023-08-07T18:46:50.520Z"
  }
},
{
  "model": "sessions.session",
  "pk": "0i9k0hlikosfpgmtcmbeve6dd7rhufy8",
  "fields": {
    "session_data": "eyJjYXJ0Ijp7fX0:1qHHBK:IDFo1_x9D9Q3GzhHjtctHxLrpNk06ZBuCJV8NxkvgNU",
    "expire_date": "2023-07-20T05:05:30.463Z"
  }
},
{
  "model": "sessions.session",
  "pk": "0o9t9l8k26pnohtzz1zy2dkli20fnrqa",
  "fields": {
    "session_data": "eyJjYXJ0Ijp7fX0:1qMg4n:_lyRKh3w9prkmnvpuU93__YeKrKx7WiA4leYE0lh138",
    "expire_date": "2023-08-04T02:41:05.036Z"
  }
},
{
  "model": "sessions.session",
  "pk": "121bu1gkg3zbhjvwn9gjx46ix5o8r3wy",
  "fields": {
    "session_data": "eyJjYXJ0Ijp7fX0:1qMg88:zoD_NR-QGt-_tBexMPN4vzM8w_3bHVo-jewFqFwG5C8",
    "expire_date": "2023-08-04T02:44:32.448Z"
  }
},
{
  "model": "sessions.session",
  "pk": "133xregrep5tjjrqqclwm9n5paplpvfv",
  "fields": {
    "session_data": "eyJjYXJ0Ijp7fX0:1qIXr2:1ZWtdKVIWFwplOZe-7rYHkaWx00BPmWRXICdWu6OD4M",
    "expire_date": "2023-07-23T17:05:48.493Z"
  }
},
{
  "model": "sessions.session",
  "pk": "1m0mkpne53dcmsav5grfnfhr2g29d3he",
  "fields": {
    "session_data": ".eJxVjDsOwjAQBe_iGlkbfzCbkp4zWP5siAHZyE4kUJS7Q6Q0ad_Mm4UFVyfWL-uJWTdPo50bVZsi65lgh8278KS8gfhw-V54KHmqyfNN4Ttt_FYiva67ewiMro3_N_iAwmsSqEAMatAQO7hoHOQZjJBOdQZF9AAdGSUQlHQBLtJEjSgJ5RZt1Foq2dLnneqX9bD-AMbrQNU:1q9VNl:di9LCjxMorgP2FUHKXJqrqQZjfRtFlP6pupEUTGXsps",
    "expire_date": "2023-06-28T18:38:13.855Z"
  }
},
{
  "model": "sessions.session",
  "pk": "2f83e66cv4p3yfj4paqrto5f68a5bsap",
  "fields": {
    "session_data": ".eJxVjMEOgyAQBf-Fc0MEQcRj7_0GsrJLpW2gAU3aGP-9NfHi9c28WZmHMrNh3S7MwTJPbqlUXEQ2MMFO2wj-SWkH-IB0z9znNJc48l3hB638lpFe18M9BSao0_8NthMYrIaWAAV4I9ECUECjVGcFmNZ2jemplyi11GE0gLppQxBC2SDtHq1Ua8zJ0ecdy5cNzfYDMR1Cmg:1q9rzM:4FX7wKiHS3pJIqAb6TZQEiVKcUbDTHQO2R5PGzfOhNY",
    "expire_date": "2023-06-29T18:46:32.836Z"
  }
},
{
  "model": "sessions.session",
  "pk": "2lbxuwx6w53gft59xqfdkc1e5f4xjl93",
  "fields": {
    "session_data": "eyJjYXJ0Ijp7fX0:1qOL0f:UlhGX9dcD9NAdu2eQ_bnmxqR1BlKTM5vSLm8ksKDZvI",
    "expire_date": "2023-08-08T16:35:41.126Z"
  }
},
{
  "model": "sessions.session",
  "pk": "2lmed311s3njeb0b3w7aou0e5gbambto",
  "fields": {
    "session_data": "eyJjYXJ0Ijp7fX0:1qNA78:cyHAdT-y56Gmhn2QEJ_DKWrHsqgP3Rqugmmx33pHulM",
    "expire_date": "2023-08-05T10:45:30.670Z"
  }
},
{
  "model": "sessions.session",
  "pk": "2mx9d1ltbwfk2l8ts48fmtq5dh3ug4ab",
  "fields": {
    "session_data": "eyJjYXJ0Ijp7fX0:1qMgr6:dFDudzbSM5GIOUbZZIczzad2jCOKvsvwyf2A_11Ttoc",
    "expire_date": "2023-08-04T03:31:00.019Z"
  }
},
{
  "model": "sessions.session",
  "pk": "2nwhd0tpguph4h498bu5x26t6vh0a1ks",
  "fields": {
    "session_data": "eyJjYXJ0Ijp7fX0:1qKDvb:r4YpbZrL49w5YSDqiYNNMS3qlxE73b2kUq27Crh5UTU",
    "expire_date": "2023-07-28T08:13:27.237Z"
  }
},
{
  "model": "sessions.session",
  "pk": "2u0xc1kxjomftx2gf4nucp118jh4doig",
  "fields": {
    "session_data": "eyJjYXJ0Ijp7fX0:1qJM1R:L0h8HPQK-LTu5Dtc-JpA3YU8KD2Kxs3uB8nwvLJz6LI",
    "expire_date": "2023-07-25T22:39:53.074Z"
  }
},
{
  "model": "sessions.session",
  "pk": "3kqht1kakmkvqa5jm6oban993o699or3",
  "fields": {
    "session_data": ".eJxVjEEOgyAUBe_CuiGCIH6X3fcM5smHattAorgy3r2auGi3b-bNJnqsZezXJcz9xKITStx-twH-HdIJ-IX0zNLnVOZpkKciL7rIR-bwuV_uX2DEMh5vUKM4kkUdwAreaSYgRHbGNKTgamoq14ZWs7baxsGBbVXHqJShqOmIesxFdNu-fwE7sztd:1qEFoc:6z8eHrKsvekO_LFKqZKJ3J1pMISWK-_UMsZ9rKa1NIM",
    "expire_date": "2023-07-11T21:01:34.528Z"
  }
},
{
  "model": "sessions.session",
  "pk": "3q90w96vpmrgk88aamgqh3t351amvvjt",
  "fields": {
    "session_data": ".eJxVjMEOgyAQBf9lz4YIiojH3vsNZGWhUhsxoEkb479XEy9eZ-a9DSymBbptL8DgugxmzS6ZQNABhxvr0Y5uOgW9cXpFZuO0pNCzM2GXzewZyX0eV3s7GDAPxxp1w8lriZVD4miVII3oPKm6bjRHVemmVK1rBQkppO8Vkiwr7zmvtRf6PM0u5xAn475zSD_oygJsXOeDzCN0fP8D9zFHQw:1q9isu:7x3DNBPzffDIi0c8J9Tob8ytE5l1eiwKzuNrk7KHfkc",
    "expire_date": "2023-06-29T09:03:16.679Z"
  }
},
{
  "model": "sessions.session",
  "pk": "3y8mouwkza46kj4xf41ot6wyki0rxoke",
  "fields": {
    "session_data": "eyJjYXJ0Ijp7fX0:1qIXr0:JKFMm93mUgklyHbnVV8vHnhE2vL3SQps6-hwn3OY9Qo",
    "expire_date": "2023-07-23T17:05:46.706Z"
  }
},
{
  "model": "sessions.session",
  "pk": "4uf4milc1k89mug89z3gu50gnm589jmm",
  "fields": {
    "session_data": "eyJjYXJ0Ijp7fX0:1qHuBc:8fefHyz7PGe-Or-4rVlYXwcWK8FNmzM8ZGK1RltOSrY",
    "expire_date": "2023-07-21T22:44:24.770Z"
  }
},
{
  "model": "sessions.session",
  "pk": "4yoejshqif0jwujkgy89ai2ef273gxtt",
  "fields": {
    "session_data": "eyJjYXJ0Ijp7fX0:1qMg4n:_lyRKh3w9prkmnvpuU93__YeKrKx7WiA4leYE0lh138",
    "expire_date": "2023-08-04T02:41:05.384Z"
  }
},
{
  "model": "sessions.session",
  "pk": "524g5zuye1t7qt1mcvf587cw2nakzi6f",
  "fields": {
    "session_data": "eyJjYXJ0Ijp7fX0:1qMdpV:1JLd2TTXciKfKtTrBLk49wC302ep4fwG_nDxsSnSat8",
    "expire_date": "2023-08-04T00:17:09.403Z"
  }
},
{
  "model": "sessions.session",
  "pk": "5ggofu37b0isvolh7e82wtas8lit7r5r",
  "fields": {
    "session_data": ".eJxljMEOgyAQBf-FsyGCIuKxd7-BrOxSaSkkKr00_ffWxjRpep2Z9x4MnMslbfZOS_CB0NINQmRDKjFWX1tWWtjABKuYhbLNH2AD_rMJ3JXSLvAC6Zy5y2lbwsT3hB925WNGiqej_TmYYZ3fazCdQG8UNAQowGmJBoA86rbtjADdmK7WPfUSpZLKTxpQ1Y33QrTGS8OeL48ISaE:1q8mAV:gTTykpUuhH2VzxYMy36CSKQkHeFsmNwljmHGREqarkU",
    "expire_date": "2023-06-26T18:21:31.851Z"
  }
},
{
  "model": "sessions.session",
  "pk": "5hyhjtssn1u91d2izdnle7t6ctcu5zzp",
  "fields": {
    "session_data": "eyJjYXJ0Ijp7fX0:1qMgEu:iXVQYy3kam0QJg4J948Buk9w8DhmHvHCX9R_pzMPbwk",
    "expire_date": "2023-08-04T02:51:32.623Z"
  }
},
{
  "model": "sessions.session",
  "pk": "5iop1rg133ynmm1lkjevidcfoa45m5g8",
  "fields": {
    "session_data": "eyJjYXJ0Ijp7fX0:1qLRnr:00aGuBiCbSqvtwzEz4TGK4Tlw9rT4bwxw-9qrwfVM7E",
    "expire_date": "2023-07-31T17:14:31.910Z"
  }
},
{
  "model": "sessions.session",
  "pk": "5n8zafv01uhpr2nr9cp3xnxatabjn2qv",
  "fields": {
    "session_data": "eyJjYXJ0Ijp7fX0:1qId5e:CKQNi3zPlFImztxItHT6-ZJyFPDndoXptLRwW1Y4gbc",
    "expire_date": "2023-07-23T22:41:14.643Z"
  }
},
{
  "model": "sessions.session",
  "pk": "5ntft11knm1i70s6yisjbbyqlylq0fdw",
  "fields": {
    "session_data": "eyJjYXJ0Ijp7fX0:1qOTd4:KmLuh6m24Dc3cZlmm145ENy4Wlg4F8re8UbabulS_cI",
    "expire_date": "2023-08-09T01:47:54.981Z"
  }
},
{
  "model": "sessions.session",
  "pk": "5zvmugpom2d2334xmzlbvx6r4f9ig8wj",
  "fields": {
    "session_data": "eyJjYXJ0Ijp7fX0:1qHsFE:8lhvC4HC7wFgmJ38f65gidohCvs4dI1wOysafNkjHv4",
    "expire_date": "2023-07-21T20:40:00.003Z"
  }
},
{
  "model": "sessions.session",
  "pk": "605462p8zfwc7nsly5mmlmyb8r419rui",
  "fields": {
    "session_data": "eyJjYXJ0Ijp7fX0:1qG3tH:WyH_z3nzBT9GX1nDv49pABFvOO14Co-LuDHYoMyYq1g",
    "expire_date": "2023-07-16T20:41:51.476Z"
  }
},
{
  "model": "sessions.session",
  "pk": "654m1jjdy8aqr23tsrje1r04hnjv0hjw",
  "fields": {
    "session_data": "eyJjYXJ0Ijp7fX0:1qFvOi:GFf1Zo9Q7hxzJ9SxOp0DKeSHObb3ZH6IrAwwMpaNq-U",
    "expire_date": "2023-07-16T11:37:44.570Z"
  }
},
{
  "model": "sessions.session",
  "pk": "6inik88xttll5r7cd49211bun9svue6i",
  "fields": {
    "session_data": "eyJjYXJ0Ijp7fX0:1qFta6:ymi0M1V3De5bmxRZnTGyficJuFCIix_vLYLn0IZkHXk",
    "expire_date": "2023-07-16T09:41:22.851Z"
  }
},
{
  "model": "sessions.session",
  "pk": "71ugjimh65v6ueoz6f400ffkwyblnsty",
  "fields": {
    "session_data": "eyJjYXJ0Ijp7fX0:1qH2UF:WyEQDslmwHxFsLdNyzP4QZJDDTj0sfr7TzBJldkIsrw",
    "expire_date": "2023-07-19T13:24:03.044Z"
  }
},
{
  "model": "sessions.session",
  "pk": "7fbosdriyoce9z4k3uo93ubkjmbprwef",
  "fields": {
    "session_data": "eyJjYXJ0Ijp7fX0:1qHaxo:kuGsfxl6a4IJfFtRpuQLtf4BsySqxf9u3N3UyQxAGvw",
    "expire_date": "2023-07-21T02:12:52.760Z"
  }
},
{
  "model": "sessions.session",
  "pk": "7u9aea5p8j4ycdebl7deicuiiwp1txey",
  "fields": {
    "session_data": "eyJjYXJ0Ijp7fX0:1qFueD:cKa8uyKoOJQVTqPzQxfuRIT7YUk4ct_6ZbHXO8lCTWk",
    "expire_date": "2023-07-16T10:49:41.611Z"
  }
},
{
  "model": "sessions.session",
  "pk": "8klaytwdz2bu9akbc41myet5ndrakhlz",
  "fields": {
    "session_data": "eyJjYXJ0Ijp7fX0:1qFtbr:pxX2hnW_O6jhncg67e44LjTcKgiNF_2T3b9lG92EqvI",
    "expire_date": "2023-07-16T09:43:11.130Z"
  }
},
{
  "model": "sessions.session",
  "pk": "9xqsrzqehhir71408dko67gnn4i3m35r",
  "fields": {
    "session_data": "eyJjYXJ0Ijp7fX0:1qNfkh:Q-m6j7wdIkKpYM5raqbu99V2d_AGGcHTQ8WZpCQzjhA",
    "expire_date": "2023-08-06T20:32:27.056Z"
  }
},
{
  "model": "sessions.session",
  "pk": "a0vt6lo17ev869ec2g0e23wli0h0edyw",
  "fields": {
    "session_data": "eyJjYXJ0Ijp7fX0:1qFtbr:pxX2hnW_O6jhncg67e44LjTcKgiNF_2T3b9lG92EqvI",
    "expire_date": "2023-07-16T09:43:11.078Z"
  }
},
{
  "model": "sessions.session",
  "pk": "a11pgumvxta1lvtv3yo1mxx3y73hqdf7",
  "fields": {
    "session_data": "eyJjYXJ0Ijp7fX0:1qOL0f:UlhGX9dcD9NAdu2eQ_bnmxqR1BlKTM5vSLm8ksKDZvI",
    "expire_date": "2023-08-08T16:35:41.297Z"
  }
},
{
  "model": "sessions.session",
  "pk": "a9yo7duasit85zgld3qm86c63cv3slli",
  "fields": {
    "session_data": "eyJjYXJ0Ijp7fX0:1qKnzT:M_KaQggy6yW2CqUIOzF08WSSG6fIs8TyE9taJzPhWiw",
    "expire_date": "2023-07-29T22:43:51.082Z"
  }
},
{
  "model": "sessions.session",
  "pk": "afagyop9cix7wb5f286fnj33nbhrm9lh",
  "fields": {
    "session_data": "eyJjYXJ0Ijp7fX0:1qMgBQ:1J8rZokG0eJquU37zypcBeng8Mna0wupMIIX_WT8u94",
    "expire_date": "2023-08-04T02:47:56.942Z"
  }
},
{
  "model": "sessions.session",
  "pk": "ajmnhhwhx1j0dmz9h6q8yoj2bw1xh6tf",
  "fields": {
    "session_data": "eyJjYXJ0Ijp7fX0:1qNTTS:ev5lEUU58soQ3OcEk9SBMdwp6LdcWCEjkVbMWyGym40",
    "expire_date": "2023-08-06T07:25:50.836Z"
  }
},
{
  "model": "sessions.session",
  "pk": "ao7h7qi6nnrl2oxt5mhjxegd3l6xvt6q",
  "fields": {
    "session_data": "eyJjYXJ0Ijp7fX0:1qO4JY:_5J_M399H-5gRKczor3MeljtP12Lmi5ui3qFZUc9DPs",
    "expire_date": "2023-08-07T22:46:04.640Z"
  }
},
{
  "model": "sessions.session",
  "pk": "b3mtqs06n749659jdz5biytrvbsnda27",
  "fields": {
    "session_data": "eyJjYXJ0Ijp7fX0:1qFueD:cKa8uyKoOJQVTqPzQxfuRIT7YUk4ct_6ZbHXO8lCTWk",
    "expire_date": "2023-07-16T10:49:41.583Z"
  }
},
{
  "model": "sessions.session",
  "pk": "baoia06hzgigk3dvyzufth6h4m17jyrv",
  "fields": {
    "session_data": ".eJxVjMEOgyAQBf-Fc0MEQcRj7_0GsrJLpW2gAU3aGP-9NfHi9c28WZmHMrNh3S7MwTJPbqlUXEQ2MMFO2wj-SWkH-IB0z9znNJc48l3hB638lpFe18M9BSao0_8NthMYrIaWAAV4I9ECUECjVGcFmNZ2jemplyi11GE0gLppQxBC2SDtHq1Ua8zJ0ecdy5cNzfYDMR1Cmg:1qEZwP:484rl7KWmyKcyNbPlykDaXrhZAebZQftJaglDpXKMS4",
    "expire_date": "2023-07-12T18:30:57.778Z"
  }
},
{
  "model": "sessions.session",
  "pk": "bewcx5p55id40lr0yuu0q17r04vwufwp",
  "fields": {
    "session_data": "eyJjYXJ0Ijp7fX0:1qMfPp:YwGY5ZXDVjGHgDL2D-2g8fj4cl7k7ANtqPyK3oN1FXQ",
    "expire_date": "2023-08-04T01:58:45.906Z"
  }
},
{
  "model": "sessions.session",
  "pk": "bfgsv88tr6ldc45kpngbkg157sjfq17h",
  "fields": {
    "session_data": "eyJjYXJ0Ijp7fX0:1qKnzT:M_KaQggy6yW2CqUIOzF08WSSG6fIs8TyE9taJzPhWiw",
    "expire_date": "2023-07-29T22:43:51.209Z"
  }
},
{
  "model": "sessions.session",
  "pk": "bh3f3mbh7dp8dezinnhe6lq2tyh9ah1z",
  "fields": {
    "session_data": "eyJjYXJ0Ijp7fX0:1qDeiO:RykdeuhDrVyYyzVleYqcrlmOwNRHEpb2ukjdl8Jk0WI",
    "expire_date": "2023-07-10T05:24:40.446Z"
  }
},
{
  "model": "sessions.session",
  "pk": "c3ap4wgc25ixg82mnwq892z3opyanwej",
  "fields": {
    "session_data": "eyJjYXJ0Ijp7fX0:1qFueD:cKa8uyKoOJQVTqPzQxfuRIT7YUk4ct_6ZbHXO8lCTWk",
    "expire_date": "2023-07-16T10:49:41.531Z"
  }
},
{
  "model": "sessions.session",
  "pk": "cj79m2takuvt3xyw604cptbiyk556m7n",
  "fields": {
    "session_data": ".eJxVjMEOgyAQBf-Fc0MEQcRj7_0GsrJLpW2gAU3aGP-9NfHi9c28WZmHMrNh3S7MwTJPbqlUXEQ2MMFO2wj-SWkH-IB0z9znNJc48l3hB638lpFe18M9BSao0_8NthMYrIaWAAV4I9ECUECjVGcFmNZ2jemplyi11GE0gLppQxBC2SDtHq1Ua8zJ0ecdy5cNzfYDMR1Cmg:1qEFem:Am1Jg4avj7AEtpVzuWopg0jew1-9hXPQuJjHpJ7qE_s",
    "expire_date": "2023-07-11T20:51:24.059Z"
  }
},
{
  "model": "sessions.session",
  "pk": "ctj0eqsxx9434m60hbync81h7j6i8asf",
  "fields": {
    "session_data": "eyJjYXJ0Ijp7fX0:1qGQgd:cO9XlSnBjzwBlcLZxK1vGwpRMVY5FliPHof_QZ_3aX8",
    "expire_date": "2023-07-17T21:02:19.609Z"
  }
},
{
  "model": "sessions.session",
  "pk": "cwr0qlxc4diolwvtshw93w2tuxtxq8w9",
  "fields": {
    "session_data": "eyJjYXJ0Ijp7fX0:1qMg3a:uJmGce-yWuJnoUhBna7BADljinB23M3SP9D3qjN83Pw",
    "expire_date": "2023-08-04T02:39:50.575Z"
  }
},
{
  "model": "sessions.session",
  "pk": "d3qjqocxgl5ekrb7q0g59dk9hfd6w3i4",
  "fields": {
    "session_data": "eyJjYXJ0Ijp7fX0:1qOO3h:5BJW2KPSAiSx1OgEL6aWuBcNu0OMA9LOSPCoLoZAgEc",
    "expire_date": "2023-08-08T19:51:01.227Z"
  }
},
{
  "model": "sessions.session",
  "pk": "dfn3fyz2babrm8bbxv8yjii349b9pdsh",
  "fields": {
    "session_data": "eyJjYXJ0Ijp7fX0:1qHB9B:njqEfFrnVPIj_JJh6jC71iipeLG-A__YWff5H_6DFCA",
    "expire_date": "2023-07-19T22:38:53.758Z"
  }
},
{
  "model": "sessions.session",
  "pk": "djezw8lf1965rmu7gimgk13cbe08qly3",
  "fields": {
    "session_data": "eyJjYXJ0Ijp7fX0:1qOTd4:KmLuh6m24Dc3cZlmm145ENy4Wlg4F8re8UbabulS_cI",
    "expire_date": "2023-08-09T01:47:54.746Z"
  }
},
{
  "model": "sessions.session",
  "pk": "dm0pur0g900oj05b4hhmglri3lq071xy",
  "fields": {
    "session_data": "eyJjYXJ0Ijp7fX0:1qFsdx:12-fhffv52qm9FEa_axv89Idp5qiJMVumoP8PK294jc",
    "expire_date": "2023-07-16T08:41:17.998Z"
  }
},
{
  "model": "sessions.session",
  "pk": "dw8wdf8m8dwqimtjmkve030cd0mzy8ru",
  "fields": {
    "session_data": "eyJjYXJ0Ijp7fX0:1qMfNp:Tpd_mR8R3WIzidpQXnPVedhbD8QBXOfuYk6GWvRc4xI",
    "expire_date": "2023-08-04T01:56:41.976Z"
  }
},
{
  "model": "sessions.session",
  "pk": "e3rq9erbfcdq8y3pr93lrh0x7fvhetls",
  "fields": {
    "session_data": "eyJjYXJ0Ijp7fX0:1qKHLV:bqQ9Lo0M_u1r-Qht_vZI7YhGJmSFQgVk0eGEl3o7A4I",
    "expire_date": "2023-07-28T11:52:25.995Z"
  }
},
{
  "model": "sessions.session",
  "pk": "ealt2efcj63y6sv9ktv1jok0a6k22miy",
  "fields": {
    "session_data": "eyJjYXJ0Ijp7fX0:1qN0rS:I0GBBo2hd5GDv19bJMvTZ6qSyURhhJo0wXN5ZmnyWGI",
    "expire_date": "2023-08-05T00:52:42.398Z"
  }
},
{
  "model": "sessions.session",
  "pk": "ecla4fpwqtb4h15us65rkk6s7ab6s50p",
  "fields": {
    "session_data": ".eJxVjMEOgyAQBf-Fc0MEQcRj7_0GsrJLpW2gAU3aGP-9NfHi9c28WZmHMrNh3S7MwTJPbqlUXEQ2MMFO2wj-SWkH-IB0z9znNJc48l3hB638lpFe18M9BSao0_8NthMYrIaWAAV4I9ECUECjVGcFmNZ2jemplyi11GE0gLppQxBC2SDtHq1Ua8zJ0ecdy5cNzfYDMR1Cmg:1qDWpo:mLX4jrdl1hTFufLxJKyrUVTrTURIXY2N0qrrECgeptA",
    "expire_date": "2023-07-09T20:59:48.012Z"
  }
},
{
  "model": "sessions.session",
  "pk": "enp851oj4o12c3hrwdjwf4c0l5cxqxmr",
  "fields": {
    "session_data": "eyJjYXJ0Ijp7fX0:1qIV8b:n7V-5QlnWNOiWS7c-aGsyLNop7ZBUP8C-ZABxFcrMQE",
    "expire_date": "2023-07-23T14:11:45.996Z"
  }
},
{
  "model": "sessions.session",
  "pk": "ev9jilacfdzc0xanxbnloxe8k0rf6hem",
  "fields": {
    "session_data": "eyJjYXJ0Ijp7fX0:1qJJCW:-A95U-WCRAkQOYb5s3YN_WvJdZNgtajVj6MhVPFDVgk",
    "expire_date": "2023-07-25T19:39:08.318Z"
  }
},
{
  "model": "sessions.session",
  "pk": "f09eihmi0oq253qt34izx0q8lbsfx8yn",
  "fields": {
    "session_data": "eyJjYXJ0Ijp7fX0:1qLuqZ:IEys2ypgoAQQzlid_4r7QtCGsq-bwGnDm50Mj1xgmZo",
    "expire_date": "2023-08-02T00:15:15.766Z"
  }
},
{
  "model": "sessions.session",
  "pk": "f0th1ejf7h1dsb83nywcy7dn311dvbdn",
  "fields": {
    "session_data": "eyJjYXJ0Ijp7fX0:1qHsFE:8lhvC4HC7wFgmJ38f65gidohCvs4dI1wOysafNkjHv4",
    "expire_date": "2023-07-21T20:40:00.178Z"
  }
},
{
  "model": "sessions.session",
  "pk": "ff079gdpmb98tvxye4vyl1p4jnum554w",
  "fields": {
    "session_data": ".eJxVjMEOgyAQBf-Fc0MEQcRj7_0GsrJLpW2gAU3aGP-9NfHi9c28WZmHMrNh3S7MwTJPbqlUXEQ2MMFO2wj-SWkH-IB0z9znNJc48l3hB638lpFe18M9BSao0_8NthMYrIaWAAV4I9ECUECjVGcFmNZ2jemplyi11GE0gLppQxBC2SDtHq1Ua8zJ0ecdy5cNzfYDMR1Cmg:1qAq6S:kjTsMcig8SaD-eLTSQs3KcRq_SaS8dEGMjTOvC3Dby4",
    "expire_date": "2023-07-02T10:57:52.344Z"
  }
},
{
  "model": "sessions.session",
  "pk": "fgwbudppgddo3xrhv6lzw126guye9u64",
  "fields": {
    "session_data": "eyJjYXJ0Ijp7fX0:1qITEe:-yuORmYZz3n8tctxDN90vw9z3I9oTXP5psVRieK65P8",
    "expire_date": "2023-07-23T12:09:52.544Z"
  }
},
{
  "model": "sessions.session",
  "pk": "fo96qkm83oej8hjw6v74t3y3w39juoev",
  "fields": {
    "session_data": "eyJjYXJ0Ijp7fX0:1qGQgd:cO9XlSnBjzwBlcLZxK1vGwpRMVY5FliPHof_QZ_3aX8",
    "expire_date": "2023-07-17T21:02:19.840Z"
  }
},
{
  "model": "sessions.session",
  "pk": "fs6oquzdbuub4hban6vj4rmt3axiqhil",
  "fields": {
    "session_data": "eyJjYXJ0Ijp7fX0:1qLDos:vk1PzYCBqmnA0_CLyzvZy45umBm5dnaPpTphLVHF-AU",
    "expire_date": "2023-07-31T02:18:38.793Z"
  }
},
{
  "model": "sessions.session",
  "pk": "ftvc14b76etgqzeknko7kooft1w9dqim",
  "fields": {
    "session_data": "eyJjYXJ0Ijp7fX0:1qMg4K:Cpjk29M0MI92taj19zB0spDl6QSxJibVjqBlO7_t6B8",
    "expire_date": "2023-08-04T02:40:36.077Z"
  }
},
{
  "model": "sessions.session",
  "pk": "fwlcgph1z8i6ce7mv7rxhl8n0w9695i0",
  "fields": {
    "session_data": "eyJjYXJ0Ijp7fX0:1qL33p:u5GFPTOR46wkTO1-qgMz2-M-GZlze5XJC3vBYToemDk",
    "expire_date": "2023-07-30T14:49:21.418Z"
  }
},
{
  "model": "sessions.session",
  "pk": "gb8c6iwzrwc5euqu9j8h3o5907kc5l30",
  "fields": {
    "session_data": "eyJjYXJ0Ijp7fX0:1qMfjy:7FUf0cPZoq8JI0HnXrOQ7SiF4MVaJGimBwCDLgk3Utg",
    "expire_date": "2023-08-04T02:19:34.409Z"
  }
},
{
  "model": "sessions.session",
  "pk": "grinootqdpft53pj66x5yliwapeekttu",
  "fields": {
    "session_data": "eyJjYXJ0Ijp7fX0:1qNHJ6:HL5Hym_wmcLsVUiSFNnyGnN32zMtFzgQJBgVGH0I--U",
    "expire_date": "2023-08-05T18:26:20.670Z"
  }
},
{
  "model": "sessions.session",
  "pk": "guakg00gb3yo9wc0ekyutkqpq1oeoqfm",
  "fields": {
    "session_data": "eyJjYXJ0Ijp7fX0:1qJPeW:-hN7jXOIxmZ-Zwga9nQo1AjkIhXBM8sFCFTCmp7TQOo",
    "expire_date": "2023-07-26T02:32:28.151Z"
  }
},
{
  "model": "sessions.session",
  "pk": "gza37yrmnvadqxxw6vf6ww76lhqool50",
  "fields": {
    "session_data": "eyJjYXJ0Ijp7fX0:1qNWJu:B1rtOwhdn5TImCtgbgfhTt0fDXPrCrC9u3g1KAilL5M",
    "expire_date": "2023-08-06T10:28:10.941Z"
  }
},
{
  "model": "sessions.session",
  "pk": "h3yu6xrhbkbwzxrp162h9onoh5qqtvb6",
  "fields": {
    "session_data": "eyJjYXJ0Ijp7fX0:1qMgBR:OszviwFErmy6PrnrafpD_LjbSwVbLVJMCqy3XDWyCfY",
    "expire_date": "2023-08-04T02:47:57.561Z"
  }
},
{
  "model": "sessions.session",
  "pk": "h8ll1zssbfl8ek36cwlre9tvqjdu1pte",
  "fields": {
    "session_data": "eyJjYXJ0Ijp7fX0:1qJMNa:GJ5e9uvYM0hZKQ50bbGMdVKycpthF7wlSZO8LC8U_y8",
    "expire_date": "2023-07-25T23:02:46.136Z"
  }
},
{
  "model": "sessions.session",
  "pk": "h9g6c5uoh5nuqr4x7dizom4dfjjnieg7",
  "fields": {
    "session_data": ".eJxVjMEKgzAQRP9lzxISY2302Hu_ISS7m2pbYkkUWsR_rwEvngbem5kV0KUZ-hUU9AAVXEpsFVi3zINdMic70s4UnJh3-OJYBD1dfEwCpzin0YtSEYfN4j4Rv29H93QwuDzsa8m1Z-MlkgtKaxNUJ7VyBpFJsydNhK3qyPsGqWtJtiyNkjo47K6hbspp5pzHKVr-fsb0g15ufyVVRaw:1qFsTR:bjCGRQ9KJhCW19gH871n7YfnpQAr4Bd7wdIATGObjE0",
    "expire_date": "2023-07-16T08:30:25.721Z"
  }
},
{
  "model": "sessions.session",
  "pk": "hft2h5plrlqlau7xmn14ylzvnkaw5msc",
  "fields": {
    "session_data": "eyJjYXJ0Ijp7fX0:1qLCEP:pILaA1juJBTR5fhTWBKCbvcWz5hoIs2R8Hw2cb6h4yw",
    "expire_date": "2023-07-31T00:36:53.798Z"
  }
},
{
  "model": "sessions.session",
  "pk": "hp71iggy8uy38gybjuorxhmhccgbqx2w",
  "fields": {
    "session_data": "eyJjYXJ0Ijp7fX0:1qKUuB:gadLUCUWiphZG5jaK4mt6Fz7diNVzf-0W3N26HmQol4",
    "expire_date": "2023-07-29T02:21:07.018Z"
  }
},
{
  "model": "sessions.session",
  "pk": "ib2vscbk89scmc70ifuh35lfpr94zu2w",
  "fields": {
    "session_data": "eyJjYXJ0Ijp7fX0:1qIXqz:w_8uQ__c79zlIpwY7aGA4iWCqpTseDyUaQi3ji-Gldc",
    "expire_date": "2023-07-23T17:05:45.600Z"
  }
},
{
  "model": "sessions.session",
  "pk": "ivbmcrkthm3l7vjp92k47y4pwkuy9t5r",
  "fields": {
    "session_data": ".eJxVjEEOgyAUBe_CuiGCIH6X3fcM5smHattAorgy3r2auGi3b-bNJnqsZezXJcz9xKITStx-twH-HdIJ-IX0zNLnVOZpkKciL7rIR-bwuV_uX2DEMh5vUKM4kkUdwAreaSYgRHbGNKTgamoq14ZWs7baxsGBbVXHqJShqOmIesxFdNu-fwE7sztd:1qDtuf:JJfjnzeFc6L6vPmvy_06gD4-g7EzzP81df5SauAaatA",
    "expire_date": "2023-07-10T21:38:21.555Z"
  }
},
{
  "model": "sessions.session",
  "pk": "j5v8ebf7h0v66pwy359qxzaqgs9wdlov",
  "fields": {
    "session_data": "eyJjYXJ0Ijp7fX0:1qIeIG:6NQyOaU50aFM8XxF3XO2Z3wS1XUMisB1omdgAP3HTwA",
    "expire_date": "2023-07-23T23:58:20.384Z"
  }
},
{
  "model": "sessions.session",
  "pk": "jubso10p4dqqj3pzjhnk43jqbtc2fu8z",
  "fields": {
    "session_data": ".eJxVjEEOgyAUBe_CuiGCIH6X3fcM5smHattAorgy3r2auGi3b-bNJnqsZezXJcz9xKITStx-twH-HdIJ-IX0zNLnVOZpkKciL7rIR-bwuV_uX2DEMh5vUKM4kkUdwAreaSYgRHbGNKTgamoq14ZWs7baxsGBbVXHqJShqOmIesxFdNu-fwE7sztd:1qDesP:X1Ycq6WhbFTuaOg4nAPyKQrp0lZdnhOhXvhbYVOr4OY",
    "expire_date": "2023-07-10T05:35:01.827Z"
  }
},
{
  "model": "sessions.session",
  "pk": "k1nzgra0rfl2kkbbw75hzrw1bkudb445",
  "fields": {
    "session_data": "eyJjYXJ0Ijp7fX0:1qLVXa:ev6tNAkSAOHKbcU_YkuFdv-IDlbyy-ugFJoql-4aO_U",
    "expire_date": "2023-07-31T21:13:58.374Z"
  }
},
{
  "model": "sessions.session",
  "pk": "kmz7ca5l2mi6w95wvkrwrb643dl8y12y",
  "fields": {
    "session_data": "eyJjYXJ0Ijp7fX0:1qNA78:cyHAdT-y56Gmhn2QEJ_DKWrHsqgP3Rqugmmx33pHulM",
    "expire_date": "2023-08-05T10:45:30.484Z"
  }
},
{
  "model": "sessions.session",
  "pk": "koysaof3owbr8ix1g922eqdz9nx0vdgc",
  "fields": {
    "session_data": "eyJjYXJ0Ijp7fX0:1qMfjy:7FUf0cPZoq8JI0HnXrOQ7SiF4MVaJGimBwCDLgk3Utg",
    "expire_date": "2023-08-04T02:19:34.618Z"
  }
},
{
  "model": "sessions.session",
  "pk": "ktbse8aj7ba80aigh44tqy5lzyj2f4gl",
  "fields": {
    "session_data": "eyJjYXJ0Ijp7fX0:1qKHLW:cYkgTxXNVMa3xOYKsEYnvq-Qfez7KENaLTf0uetX_kc",
    "expire_date": "2023-07-28T11:52:26.196Z"
  }
},
{
  "model": "sessions.session",
  "pk": "kxo4wnonxzjdoaiwox6jhpaoc15n7m0w",
  "fields": {
    "session_data": "eyJjYXJ0Ijp7fX0:1qMfPp:YwGY5ZXDVjGHgDL2D-2g8fj4cl7k7ANtqPyK3oN1FXQ",
    "expire_date": "2023-08-04T01:58:45.295Z"
  }
},
{
  "model": "sessions.session",
  "pk": "l3l82o70lfmztg2br0e2pma560w71lox",
  "fields": {
    "session_data": "eyJjYXJ0Ijp7fX0:1qNfkg:GK-jui2dIABQVON2EU3OuoJzSQshMe_Hcvv-7vkDiWI",
    "expire_date": "2023-08-06T20:32:26.362Z"
  }
},
{
  "model": "sessions.session",
  "pk": "l67p9imax2fj5ndg5xqouzsnbj2u6fcq",
  "fields": {
    "session_data": "eyJjYXJ0Ijp7fX0:1qMdoi:2Wzg5h7uwkO_orvlJIX9k-ff3Jt-t71jp0qZRVldBqc",
    "expire_date": "2023-08-04T00:16:20.610Z"
  }
},
{
  "model": "sessions.session",
  "pk": "lkuksffaftfqm7749w210xw18lus3gf5",
  "fields": {
    "session_data": "eyJjYXJ0Ijp7fX0:1qMfna:IOz5ChSemrHrK8uJ55DHM7mvpOfz_9aGN-_EbYCaw50",
    "expire_date": "2023-08-04T02:23:18.409Z"
  }
},
{
  "model": "sessions.session",
  "pk": "llap8l4b925ulww2lfl94crk9ag6i2c5",
  "fields": {
    "session_data": ".eJxVjMEOgyAQBf-Fc0MEQcRj7_0GsrJLpW2gAU3aGP-9NfHi9c28WZmHMrNh3S7MwTJPbqlUXEQ2MMFO2wj-SWkH-IB0z9znNJc48l3hB638lpFe18M9BSao0_8NthMYrIaWAAV4I9ECUECjVGcFmNZ2jemplyi11GE0gLppQxBC2SDtHq1Ua8zJ0ecdy5cNzfYDMR1Cmg:1q9stY:_bUlxCX76k5jJZ8Y9yq3nXDcw0vBsyz5FVuZKCF0EeY",
    "expire_date": "2023-06-29T19:44:36.595Z"
  }
},
{
  "model": "sessions.session",
  "pk": "lmkhpek72n5eg0h13l77mdx7t06mpbyr",
  "fields": {
    "session_data": ".eJxVjDsOwjAQBe_iGlkbfzCbkp4zWP5siAHZyE4kUJS7Q6Q0ad_Mm4UFVyfWL-uJWTdPo50bVZsi65lgh8278KS8gfhw-V54KHmqyfNN4Ttt_FYiva67ewiMro3_N_iAwmsSqEAMatAQO7hoHOQZjJBOdQZF9AAdGSUQlHQBLtJEjSgJ5RZt1Foq2dLnneqX9bD-AMbrQNU:1qDWt1:vS_sK3CAQNI9sKT2XWxAY97b5WAvXXsp2Omk6Na52XA",
    "expire_date": "2023-07-09T21:03:07.769Z"
  }
},
{
  "model": "sessions.session",
  "pk": "lqxiohymk75z97ppn27486vvynqw1f05",
  "fields": {
    "session_data": "eyJjYXJ0Ijp7fX0:1qGW0y:PaisHiIagwkzQDRg-ygCzah-i_gfetHkz-89Mf_HLAg",
    "expire_date": "2023-07-18T02:43:40.578Z"
  }
},
{
  "model": "sessions.session",
  "pk": "lurddbk4t8v6x0upjxozv54cplf7s2xw",
  "fields": {
    "session_data": ".eJxVjDsOwjAQBe_iGlkbfzCbkp4zWP5siAHZyE4kUJS7Q6Q0ad_Mm4UFVyfWL-uJWTdPo50bVZsi65lgh8278KS8gfhw-V54KHmqyfNN4Ttt_FYiva67ewiMro3_N_iAwmsSqEAMatAQO7hoHOQZjJBOdQZF9AAdGSUQlHQBLtJEjSgJ5RZt1Foq2dLnneqX9bD-AMbrQNU:1qEFNw:FEEu9vAkMyhjS2sJVCW1aMF3EEGaNknMa38-EspCi1s",
    "expire_date": "2023-07-11T20:34:00.682Z"
  }
},
{
  "model": "sessions.session",
  "pk": "lzy0uc75akopynx6e9mmhbte3q7iu26x",
  "fields": {
    "session_data": "eyJjYXJ0Ijp7fX0:1qNAt5:S5BXa1caRrUGBJqN7UYB6qcgnvQdCk9msgtrKZljiek",
    "expire_date": "2023-08-05T11:35:03.191Z"
  }
},
{
  "model": "sessions.session",
  "pk": "mkxw8wj6lgilzv5n7yls2mchsxgyz6an",
  "fields": {
    "session_data": "eyJjYXJ0Ijp7fX0:1qJJCW:-A95U-WCRAkQOYb5s3YN_WvJdZNgtajVj6MhVPFDVgk",
    "expire_date": "2023-07-25T19:39:08.480Z"
  }
},
{
  "model": "sessions.session",
  "pk": "ml94a0bnmcbmwn7cxndh2w3quhtdyse6",
  "fields": {
    "session_data": "eyJjYXJ0Ijp7fX0:1qHHBK:IDFo1_x9D9Q3GzhHjtctHxLrpNk06ZBuCJV8NxkvgNU",
    "expire_date": "2023-07-20T05:05:30.720Z"
  }
},
{
  "model": "sessions.session",
  "pk": "mpb0p3ibpiygxw2exxjcmibgm1ndh97o",
  "fields": {
    "session_data": "eyJjYXJ0Ijp7fX0:1qLRnr:00aGuBiCbSqvtwzEz4TGK4Tlw9rT4bwxw-9qrwfVM7E",
    "expire_date": "2023-07-31T17:14:31.745Z"
  }
},
{
  "model": "sessions.session",
  "pk": "muqitd9s04wdws25c1jqex245se1rk6w",
  "fields": {
    "session_data": "eyJjYXJ0Ijp7fX0:1qJLPx:DRPfjciexbTtidapRapGVsEhF2uZI4w0WqTRLyBlLZY",
    "expire_date": "2023-07-25T22:01:09.896Z"
  }
},
{
  "model": "sessions.session",
  "pk": "mwf6w0vmdbpqhew8neawbxvrv6vt7dps",
  "fields": {
    "session_data": "eyJjYXJ0Ijp7fX0:1qMV00:3mkf7-ujPgFGqI9WcO0kJj-IB3G4FC9ab9UIQdixmEY",
    "expire_date": "2023-08-03T14:51:24.728Z"
  }
},
{
  "model": "sessions.session",
  "pk": "my3m7kfp3yoj02qscvn6pyrfgh75n1f1",
  "fields": {
    "session_data": "eyJjYXJ0Ijp7fX0:1qMg88:zoD_NR-QGt-_tBexMPN4vzM8w_3bHVo-jewFqFwG5C8",
    "expire_date": "2023-08-04T02:44:32.088Z"
  }
},
{
  "model": "sessions.session",
  "pk": "myggg51ui9vsmpa0h2yn8l80f4a2dwrp",
  "fields": {
    "session_data": "eyJjYXJ0Ijp7fX0:1qMgr6:dFDudzbSM5GIOUbZZIczzad2jCOKvsvwyf2A_11Ttoc",
    "expire_date": "2023-08-04T03:31:00.184Z"
  }
},
{
  "model": "sessions.session",
  "pk": "nxdjii7l0453j5dm09zt48rbccqhu8k2",
  "fields": {
    "session_data": "eyJjYXJ0Ijp7fX0:1qMdoi:2Wzg5h7uwkO_orvlJIX9k-ff3Jt-t71jp0qZRVldBqc",
    "expire_date": "2023-08-04T00:16:20.846Z"
  }
},
{
  "model": "sessions.session",
  "pk": "nzcmdasr7ohjo4pbdmy7vjw5uqw876xf",
  "fields": {
    "session_data": "eyJjYXJ0Ijp7fX0:1qFtbr:pxX2hnW_O6jhncg67e44LjTcKgiNF_2T3b9lG92EqvI",
    "expire_date": "2023-07-16T09:43:11.178Z"
  }
},
{
  "model": "sessions.session",
  "pk": "o2h99koh44ikh0srx4vrympnjrjqigg2",
  "fields": {
    "session_data": "eyJjYXJ0Ijp7fX0:1qMg3a:uJmGce-yWuJnoUhBna7BADljinB23M3SP9D3qjN83Pw",
    "expire_date": "2023-08-04T02:39:50.975Z"
  }
},
{
  "model": "sessions.session",
  "pk": "odh979g0qax2uanryc9yhod3hxscpjzd",
  "fields": {
    "session_data": "eyJjYXJ0Ijp7fX0:1qOO3h:5BJW2KPSAiSx1OgEL6aWuBcNu0OMA9LOSPCoLoZAgEc",
    "expire_date": "2023-08-08T19:51:01.035Z"
  }
},
{
  "model": "sessions.session",
  "pk": "om17053gjx8oatph3gorrsfqi8o4dyzw",
  "fields": {
    "session_data": "eyJjYXJ0Ijp7fX0:1qGRNk:Wt-QZdnfW2EKKF-xf8IAtRp6GNz3eLhC5W1PmnuGIl4",
    "expire_date": "2023-07-17T21:46:52.466Z"
  }
},
{
  "model": "sessions.session",
  "pk": "oq93ebpnkuihvg8ppftyjjpafnodhg1i",
  "fields": {
    "session_data": "eyJjYXJ0Ijp7fX0:1qLgzR:8FjvEEVAjosrUfN_Vuwub909paVPegMyD_wCcnq8Fzg",
    "expire_date": "2023-08-01T09:27:29.809Z"
  }
},
{
  "model": "sessions.session",
  "pk": "oupq7241nimtgrlawix6nqqw7ehth8wm",
  "fields": {
    "session_data": "eyJjYXJ0Ijp7fX0:1qJPeW:-hN7jXOIxmZ-Zwga9nQo1AjkIhXBM8sFCFTCmp7TQOo",
    "expire_date": "2023-07-26T02:32:28.365Z"
  }
},
{
  "model": "sessions.session",
  "pk": "oy8kjow0qvqew0awqsi2g1mnjdaa3usl",
  "fields": {
    "session_data": "eyJjYXJ0Ijp7fX0:1qIXrC:vVQXMqDSXK5IiILY8dK9sNoTFGCdSVji6RuqmcGb-AQ",
    "expire_date": "2023-07-23T17:05:58.681Z"
  }
},
{
  "model": "sessions.session",
  "pk": "oyvail2llvve69l4ce99ut7hvpn33ajj",
  "fields": {
    "session_data": ".eJxVjDsOwjAQBe_iGlnxP0tJzxmsjXeNA8iW4qRC3B0ipYD2zcx7iYjbWuLWeYkzibNQ4vS7TZgeXHdAd6y3JlOr6zJPclfkQbu8NuLn5XD_Dgr28q0RvKIMDg0jKUxBEyBypmCtB4XBgB_CyKMm7bTLU0Byg8lZKQtZg3h_APwwOBE:1qEEiD:CTRMScvPYASZbfzXgNPrGfcgFwYiNZgSFDSlGQFrVNc",
    "expire_date": "2023-07-11T19:50:53.285Z"
  }
},
{
  "model": "sessions.session",
  "pk": "pce5ytuio9r5eorhrnuv57585djh9l0v",
  "fields": {
    "session_data": "eyJjYXJ0Ijp7fX0:1qLwzb:Y9gnTS4nth8yWHRtqLv-nZBcw_aVXlCdON2xMZTigYo",
    "expire_date": "2023-08-02T02:32:43.875Z"
  }
},
{
  "model": "sessions.session",
  "pk": "pmrq34civxnu33q4cs5wgxtogiqzwioa",
  "fields": {
    "session_data": "eyJjYXJ0Ijp7fX0:1qOLKj:euS-vGjHbmgeYb8WoXRzJdbqgC5RBtbPDbLqiYBOYKo",
    "expire_date": "2023-08-08T16:56:25.849Z"
  }
},
{
  "model": "sessions.session",
  "pk": "pp0f6b5ksg2r6kjekdvqzjzeenf2xks6",
  "fields": {
    "session_data": "eyJjYXJ0Ijp7fX0:1qKUuB:gadLUCUWiphZG5jaK4mt6Fz7diNVzf-0W3N26HmQol4",
    "expire_date": "2023-07-29T02:21:07.298Z"
  }
},
{
  "model": "sessions.session",
  "pk": "psvdblkzpkto710v4iv44sb7n25dh7zg",
  "fields": {
    "session_data": "eyJjYXJ0Ijp7fX0:1qIV8b:n7V-5QlnWNOiWS7c-aGsyLNop7ZBUP8C-ZABxFcrMQE",
    "expire_date": "2023-07-23T14:11:45.844Z"
  }
},
{
  "model": "sessions.session",
  "pk": "q3miod5zuskdnh9i2bip8nd50m0p8bdm",
  "fields": {
    "session_data": "eyJjYXJ0Ijp7fX0:1qGjsn:vWyCU7SzNPzRlhLaFpVON-eioKnK00zmHfI7TtBi9Qo",
    "expire_date": "2023-07-18T17:32:09.278Z"
  }
},
{
  "model": "sessions.session",
  "pk": "qbyqhvhyeavnkbjcns4bggqsylfoggvi",
  "fields": {
    "session_data": "eyJjYXJ0Ijp7fX0:1qIeIG:6NQyOaU50aFM8XxF3XO2Z3wS1XUMisB1omdgAP3HTwA",
    "expire_date": "2023-07-23T23:58:20.206Z"
  }
},
{
  "model": "sessions.session",
  "pk": "qoxmuaf9gutgjb26yr51kuk4rlqmppyb",
  "fields": {
    "session_data": "eyJjYXJ0Ijp7fX0:1qEcsO:heB-LUsyEC73kCTD-bsnhKouVQf-BucJmByFRCkWb7A",
    "expire_date": "2023-07-12T21:39:00.835Z"
  }
},
{
  "model": "sessions.session",
  "pk": "qpqqi37k0g37v5usw3wdn0wjjf7hu1rw",
  "fields": {
    "session_data": "eyJjYXJ0Ijp7fX0:1qMV00:3mkf7-ujPgFGqI9WcO0kJj-IB3G4FC9ab9UIQdixmEY",
    "expire_date": "2023-08-03T14:51:24.891Z"
  }
},
{
  "model": "sessions.session",
  "pk": "qrj67ggjhvifaq7jd58lze6yrivjo67a",
  "fields": {
    "session_data": "eyJjYXJ0Ijp7fX0:1qIJfx:8-7ZrZPy8pDqiJGGDvEu8s41mj7RAfGwZMbLoTrJlUc",
    "expire_date": "2023-07-23T01:57:25.749Z"
  }
},
{
  "model": "sessions.session",
  "pk": "qug2102n345t2jsf3rd02od8oenjgl7m",
  "fields": {
    "session_data": "eyJjYXJ0Ijp7fX0:1qFvOi:GFf1Zo9Q7hxzJ9SxOp0DKeSHObb3ZH6IrAwwMpaNq-U",
    "expire_date": "2023-07-16T11:37:44.621Z"
  }
},
{
  "model": "sessions.session",
  "pk": "rlkaxkhxwacvt3mivayjdksh6cebz8n9",
  "fields": {
    "session_data": "eyJjYXJ0Ijp7fX0:1qLYm4:V-jD7pgCFVGCEeSXmsBWQMnLiKJJNUDMUmetvxPIRW8",
    "expire_date": "2023-08-01T00:41:08.641Z"
  }
},
{
  "model": "sessions.session",
  "pk": "rnl68hajmzqw66fkqz219eextmcsmwb2",
  "fields": {
    "session_data": "eyJjYXJ0Ijp7fX0:1qFvOi:GFf1Zo9Q7hxzJ9SxOp0DKeSHObb3ZH6IrAwwMpaNq-U",
    "expire_date": "2023-07-16T11:37:44.523Z"
  }
},
{
  "model": "sessions.session",
  "pk": "rr5dc7a0msb0dihcvwze47im8s621rg9",
  "fields": {
    "session_data": "eyJjYXJ0Ijp7fX0:1qFGPV:sqRRqcCxHVceSl0gzpSfiEs_vRLwqi6MEvHYuYGp0Mw",
    "expire_date": "2023-07-14T15:51:49.387Z"
  }
},
{
  "model": "sessions.session",
  "pk": "ru4tma7l3ij6tc3gpt4of1w7io3l8gzo",
  "fields": {
    "session_data": "eyJjYXJ0Ijp7fX0:1qJoJ4:IKWZURnOs2gkbjEZScuabuXK-uJH-y8FqnAdM-VLKfQ",
    "expire_date": "2023-07-27T04:51:58.949Z"
  }
},
{
  "model": "sessions.session",
  "pk": "s7ks2xchnjeovhhkpgo53r5kc85ija9b",
  "fields": {
    "session_data": "eyJjYXJ0Ijp7fX0:1qH2UF:WyEQDslmwHxFsLdNyzP4QZJDDTj0sfr7TzBJldkIsrw",
    "expire_date": "2023-07-19T13:24:03.248Z"
  }
},
{
  "model": "sessions.session",
  "pk": "sbhgadjh10nk4ywmc8gun3vdv204dekb",
  "fields": {
    "session_data": "eyJjYXJ0Ijp7fX0:1qL33p:u5GFPTOR46wkTO1-qgMz2-M-GZlze5XJC3vBYToemDk",
    "expire_date": "2023-07-30T14:49:21.262Z"
  }
},
{
  "model": "sessions.session",
  "pk": "shlfiopdn6bcfgdx0mi1cf8tjm5y2evn",
  "fields": {
    "session_data": "eyJjYXJ0Ijp7fX0:1qJoJ4:IKWZURnOs2gkbjEZScuabuXK-uJH-y8FqnAdM-VLKfQ",
    "expire_date": "2023-07-27T04:51:58.762Z"
  }
},
{
  "model": "sessions.session",
  "pk": "siaybiwtygis39dl65aoka6r582qxx8p",
  "fields": {
    "session_data": "eyJjYXJ0Ijp7fX0:1qNwSy:cUkj8WRsXIB_lNk0cxaDa_DpAV3l5Qz8KPLkKtg5ETI",
    "expire_date": "2023-08-07T14:23:16.844Z"
  }
},
{
  "model": "sessions.session",
  "pk": "szjvkqoaiz6x4rfiov00pfvy9radiaeh",
  "fields": {
    "session_data": "eyJjYXJ0Ijp7fX0:1qFucZ:8FN6rkxYOagbL9D1w72-2mCHlHMszCtGkAX7Au_QcK8",
    "expire_date": "2023-07-16T10:47:59.183Z"
  }
},
{
  "model": "sessions.session",
  "pk": "t4eoqrii6dlhzs33tmkzs89193mc65ss",
  "fields": {
    "session_data": "eyJjYXJ0Ijp7fX0:1qMINM:ztzJu5M-MRqHVx6dMVHjoEFkHxWPMRgJmZ0B1611jkU",
    "expire_date": "2023-08-03T01:22:40.530Z"
  }
},
{
  "model": "sessions.session",
  "pk": "tey1x46pzqhouzugpp0eikn0ims11r51",
  "fields": {
    "session_data": "eyJjYXJ0Ijp7fX0:1qNWJv:yRpOykYKhNiRUPYPlM7s--YRfyrHpTl9oQKWj8u2ul0",
    "expire_date": "2023-08-06T10:28:11.119Z"
  }
},
{
  "model": "sessions.session",
  "pk": "tfnu0nfqz01shvisuedwzfnsfkek6rtu",
  "fields": {
    "session_data": ".eJxVjDEOgzAQBP9ydWRhg22OMj1vQIvPDiQRSAYqxN8TJBranZndKSCv1OzHgzps69BtS8zdKNSQptvWI3zidAJ5Y3rNKszTmsdenYq66KLaWeL3ebm3gwHL8K_BTktiizJCNII3wkBM4qvKsYYv2RW-jrURY41NvYfYokxJ64qTYTp-Q4M7XQ:1qDelp:8sojY3RIH0_v7iIuaUziTG6WMqi8S9GilISGQrv-4SM",
    "expire_date": "2023-07-10T05:28:13.420Z"
  }
},
{
  "model": "sessions.session",
  "pk": "tjd339q5yra7rmsdsum7c3o904sl9co2",
  "fields": {
    "session_data": "eyJjYXJ0Ijp7fX0:1qLgzR:8FjvEEVAjosrUfN_Vuwub909paVPegMyD_wCcnq8Fzg",
    "expire_date": "2023-08-01T09:27:29.621Z"
  }
},
{
  "model": "sessions.session",
  "pk": "tkf7d2snmngau4i0bhiujg2v6mfe9olk",
  "fields": {
    "session_data": "eyJjYXJ0Ijp7fX0:1qLuqZ:IEys2ypgoAQQzlid_4r7QtCGsq-bwGnDm50Mj1xgmZo",
    "expire_date": "2023-08-02T00:15:15.608Z"
  }
},
{
  "model": "sessions.session",
  "pk": "unwxryhqrte3govjcfda1l1fxcbcrscr",
  "fields": {
    "session_data": "eyJjYXJ0Ijp7fX0:1qFGPg:sTI4OOqcQIZof74UdDlIrkH5m--MAk0qMJSNWx7tGmA",
    "expire_date": "2023-07-14T15:52:00.902Z"
  }
},
{
  "model": "sessions.session",
  "pk": "vbtpd0tc4z6vfcidak1vlshanlg9x2it",
  "fields": {
    "session_data": "eyJjYXJ0Ijp7fX0:1qNwSy:cUkj8WRsXIB_lNk0cxaDa_DpAV3l5Qz8KPLkKtg5ETI",
    "expire_date": "2023-08-07T14:23:16.695Z"
  }
},
{
  "model": "sessions.session",
  "pk": "vgbg7dqqq89i3fbzn85hk5wm594xggeo",
  "fields": {
    "session_data": "eyJjYXJ0Ijp7fX0:1qKnok:LYUVALHaRX5ywn_XPhgOP3P-7u7naW3SiIKum1DQzMI",
    "expire_date": "2023-07-29T22:32:46.010Z"
  }
},
{
  "model": "sessions.session",
  "pk": "vjrwhttnwmgn799i3je09uatdd0vhg27",
  "fields": {
    "session_data": "eyJjYXJ0Ijp7fX0:1qMgEu:iXVQYy3kam0QJg4J948Buk9w8DhmHvHCX9R_pzMPbwk",
    "expire_date": "2023-08-04T02:51:32.299Z"
  }
},
{
  "model": "sessions.session",
  "pk": "w37fg9qjz5njdny1ziphl213u2nw11t5",
  "fields": {
    "session_data": "eyJjYXJ0Ijp7fX0:1qKI9L:ovFuWcgOaRoBf82ibrSQysHPRccIvNK0FfPesdCm_xY",
    "expire_date": "2023-07-28T12:43:55.509Z"
  }
},
{
  "model": "sessions.session",
  "pk": "w40iiun9veu52qcrri76uxosmnc3oz2v",
  "fields": {
    "session_data": "eyJjYXJ0Ijp7fX0:1qLaiq:b5Jf0EvYspHb2VhcxW--8TYn8zkm_DfJWDTtK5lpX8Q",
    "expire_date": "2023-08-01T02:45:56.194Z"
  }
},
{
  "model": "sessions.session",
  "pk": "wc68ts2da0l47zlrcr8rghoops8dvsqh",
  "fields": {
    "session_data": ".eJxVjDsOwjAQBe_iGlnxP0tJzxmsjXeNA8iW4qRC3B0ipYD2zcx7iYjbWuLWeYkzibNQ4vS7TZgeXHdAd6y3JlOr6zJPclfkQbu8NuLn5XD_Dgr28q0RvKIMDg0jKUxBEyBypmCtB4XBgB_CyKMm7bTLU0Byg8lZKQtZg3h_APwwOBE:1qDj6g:tWsW6biaYO43MIUdIIDZnoMlspmkz476hoaZLrblBaU",
    "expire_date": "2023-07-10T10:06:02.879Z"
  }
},
{
  "model": "sessions.session",
  "pk": "wczc9qaxzjfhqb5kpoy7745o6c1vjeri",
  "fields": {
    "session_data": "eyJjYXJ0Ijp7fX0:1qG3tH:WyH_z3nzBT9GX1nDv49pABFvOO14Co-LuDHYoMyYq1g",
    "expire_date": "2023-07-16T20:41:51.304Z"
  }
},
{
  "model": "sessions.session",
  "pk": "wgiy3dpb7iq0tvni9yzv6okth10m065i",
  "fields": {
    "session_data": "eyJjYXJ0Ijp7fX0:1qIXr4:hdhG8W3Eug5kdDZeZ8Fj2Zcj_9Q5wZHC3n45DQeqBdo",
    "expire_date": "2023-07-23T17:05:50.054Z"
  }
},
{
  "model": "sessions.session",
  "pk": "wgxzx407qzgwpyzjkvov4lvcnp039447",
  "fields": {
    "session_data": "eyJjYXJ0Ijp7fX0:1qNHJ6:HL5Hym_wmcLsVUiSFNnyGnN32zMtFzgQJBgVGH0I--U",
    "expire_date": "2023-08-05T18:26:20.286Z"
  }
},
{
  "model": "sessions.session",
  "pk": "wmgydpw8cfnnyumw8o7ealeghbja8djo",
  "fields": {
    "session_data": "eyJjYXJ0Ijp7fX0:1qKnzT:M_KaQggy6yW2CqUIOzF08WSSG6fIs8TyE9taJzPhWiw",
    "expire_date": "2023-07-29T22:43:51.147Z"
  }
},
{
  "model": "sessions.session",
  "pk": "wqgjrlg0ezoq9s5gtonlrjuf8s3y8ic6",
  "fields": {
    "session_data": "eyJjYXJ0Ijp7fX0:1qO0a2:sNPtc0rm05YXysi0SvuUJbtJKLcOsfOr_1091cWGdiQ",
    "expire_date": "2023-08-07T18:46:50.358Z"
  }
},
{
  "model": "sessions.session",
  "pk": "x4wool1ss92yq58bjms9skantch308cl",
  "fields": {
    "session_data": "eyJjYXJ0Ijp7fX0:1qGjsn:vWyCU7SzNPzRlhLaFpVON-eioKnK00zmHfI7TtBi9Qo",
    "expire_date": "2023-07-18T17:32:09.111Z"
  }
},
{
  "model": "sessions.session",
  "pk": "x4z6l2iw3senxo9osjlduxhloj2b8wki",
  "fields": {
    "session_data": "eyJjYXJ0Ijp7fX0:1qO4JZ:vHQmJ2Fa2ZOoj5b46nBPZ3YUinHH0yxTyqrInnx3710",
    "expire_date": "2023-08-07T22:46:05.154Z"
  }
},
{
  "model": "sessions.session",
  "pk": "x6ldgjn1292tluk7b6r633rjn68p2vr1",
  "fields": {
    "session_data": "eyJjYXJ0Ijp7fX0:1qLwzc:X-VXDOVgtQyQ8ijeMUg6isLD987vlqcc-8nJYBH_-Jo",
    "expire_date": "2023-08-02T02:32:44.462Z"
  }
},
{
  "model": "sessions.session",
  "pk": "xfj85nja7aba6hmrsj8cizq68twq8i55",
  "fields": {
    "session_data": "eyJjYXJ0Ijp7fX0:1qMINM:ztzJu5M-MRqHVx6dMVHjoEFkHxWPMRgJmZ0B1611jkU",
    "expire_date": "2023-08-03T01:22:40.355Z"
  }
},
{
  "model": "sessions.session",
  "pk": "xkc7bpto9a34sbvw09wowwbh6dwgbm94",
  "fields": {
    "session_data": "eyJjYXJ0Ijp7fX0:1qHaxo:kuGsfxl6a4IJfFtRpuQLtf4BsySqxf9u3N3UyQxAGvw",
    "expire_date": "2023-07-21T02:12:52.522Z"
  }
},
{
  "model": "sessions.session",
  "pk": "xs529xlnwrkjpgbvp8tkyzz8m6huj9hc",
  "fields": {
    "session_data": "eyJjYXJ0Ijp7fX0:1qLYm4:V-jD7pgCFVGCEeSXmsBWQMnLiKJJNUDMUmetvxPIRW8",
    "expire_date": "2023-08-01T00:41:08.799Z"
  }
},
{
  "model": "sessions.session",
  "pk": "y5s3cvb0p0atfaoapaxjogqiijyck58i",
  "fields": {
    "session_data": "eyJjYXJ0Ijp7fX0:1qFvND:e7X4U8L2kxRLAW7sxn14XLxhSigbjV1fuZCwJ4yAMiE",
    "expire_date": "2023-07-16T11:36:11.062Z"
  }
},
{
  "model": "sessions.session",
  "pk": "ybm0f0seymkpjr3i7qheajabyi0rt73c",
  "fields": {
    "session_data": "eyJjYXJ0Ijp7fX0:1qMg4K:Cpjk29M0MI92taj19zB0spDl6QSxJibVjqBlO7_t6B8",
    "expire_date": "2023-08-04T02:40:36.325Z"
  }
},
{
  "model": "sessions.session",
  "pk": "ylr4hj501v3alcfx5ti030lej9cdy7ih",
  "fields": {
    "session_data": "eyJjYXJ0Ijp7fX0:1qMfna:IOz5ChSemrHrK8uJ55DHM7mvpOfz_9aGN-_EbYCaw50",
    "expire_date": "2023-08-04T02:23:18.682Z"
  }
},
{
  "model": "sessions.session",
  "pk": "yw70dquiywmco6un87yk7hrqx35go5eq",
  "fields": {
    "session_data": "eyJjYXJ0Ijp7fX0:1qIXrB:6TV7pl7fZA6zXr01MTMKDtspnlviGoyeEk7jq-RV-V8",
    "expire_date": "2023-07-23T17:05:57.263Z"
  }
},
{
  "model": "sessions.session",
  "pk": "z59eebqjhzc050tebr6eigz0ktuid69l",
  "fields": {
    "session_data": "eyJjYXJ0Ijp7fX0:1qMfNq:j6nnlaEoHMpxcsCPh7MWLYXBsopiektWJzT_5I3xZzE",
    "expire_date": "2023-08-04T01:56:42.155Z"
  }
},
{
  "model": "sessions.session",
  "pk": "z5w2l528osmrtfzyh83b7qun17o7v4s5",
  "fields": {
    "session_data": "eyJjYXJ0Ijp7fX0:1qGSs0:UuJRqnskL9zghLKJk_t7sfSPjtVupWO1vuS5F8fSFsg",
    "expire_date": "2023-07-17T23:22:12.564Z"
  }
},
{
  "model": "sessions.session",
  "pk": "zf7mi861a0l3x3hivel0328xh8khohqk",
  "fields": {
    "session_data": "eyJjYXJ0Ijp7fX0:1qMdpV:1JLd2TTXciKfKtTrBLk49wC302ep4fwG_nDxsSnSat8",
    "expire_date": "2023-08-04T00:17:09.634Z"
  }
},
{
  "model": "sessions.session",
  "pk": "zhp1sj6gjpxk3wmwmwfg5wm7s4evhwfe",
  "fields": {
    "session_data": "eyJjYXJ0Ijp7fX0:1qLVXa:ev6tNAkSAOHKbcU_YkuFdv-IDlbyy-ugFJoql-4aO_U",
    "expire_date": "2023-07-31T21:13:58.182Z"
  }
},
{
  "model": "sessions.session",
  "pk": "zrr954t9y35zr5thuq7f5m5xwp7d9i37",
  "fields": {
    "session_data": "eyJjYXJ0Ijp7fX0:1qNAt5:S5BXa1caRrUGBJqN7UYB6qcgnvQdCk9msgtrKZljiek",
    "expire_date": "2023-08-05T11:35:03.348Z"
  }
},
{
  "model": "sessions.session",
  "pk": "ztrrs5hlvdunt1cmuqwi5q37jxucvnt3",
  "fields": {
    "session_data": "eyJjYXJ0Ijp7fX0:1qN0rS:I0GBBo2hd5GDv19bJMvTZ6qSyURhhJo0wXN5ZmnyWGI",
    "expire_date": "2023-08-05T00:52:42.588Z"
  }
},
{
  "model": "sessions.session",
  "pk": "zwrv5k8g1klvsvemvgavf79gaqzmxbjj",
  "fields": {
    "session_data": "eyJjYXJ0Ijp7fX0:1qLDos:vk1PzYCBqmnA0_CLyzvZy45umBm5dnaPpTphLVHF-AU",
    "expire_date": "2023-07-31T02:18:38.576Z"
  }
},
{
  "model": "courses.category",
  "pk": 1,
  "fields": {
    "category": "Web Development",
    "thumbnail": "category_thumbnail/2023-06-13/web.jpeg"
  }
},
{
  "model": "courses.category",
  "pk": 2,
  "fields": {
    "category": "Data Science",
    "thumbnail": "category_thumbnail/2023-06-13/datasci.jpeg"
  }
},
{
  "model": "courses.category",
  "pk": 3,
  "fields": {
    "category": "Mobile Development",
    "thumbnail": "category_thumbnail/2023-06-13/mobile.jpeg"
  }
},
{
  "model": "courses.category",
  "pk": 4,
  "fields": {
    "category": "Programming Languages",
    "thumbnail": "category_thumbnail/2023-06-13/pl.jpeg"
  }
},
{
  "model": "courses.category",
  "pk": 5,
  "fields": {
    "category": "Game Development",
    "thumbnail": "category_thumbnail/2023-06-13/gamedev.jpeg"
  }
},
{
  "model": "courses.course",
  "pk": 1,
  "fields": {
    "owner": [
      "testuser"
    ],
    "name": "Modern React with Redux",
    "headline": "Master React and Redux Toolkit. Includes RTK Query, tons of custom hooks, and more! Course 100% Updated November 2022",
    "description": "<h4>What you&#39;ll learn</h4>\r\n\r\n<ul>\r\n\t<li>\r\n\t<p>Create dynamic web apps using the latest in web technology</p>\r\n\t</li>\r\n\t<li>\r\n\t<p>Acquire the programming skills needed to obtain a software engineering job</p>\r\n\t</li>\r\n\t<li>\r\n\t<p>Practice your skills with many large projects, exercises, and quizzes</p>\r\n\t</li>\r\n\t<li>\r\n\t<p>Master the fundamentals concepts behind React and Redux</p>\r\n\t</li>\r\n\t<li>\r\n\t<p>Become fluent in the toolchain supporting React, including NPM, Webpack, Babel, and ES6/ES2015 Javascript syntax</p>\r\n\t</li>\r\n\t<li>\r\n\t<p>Be the engineer who explains how Redux works to everyone else, because you know the fundamentals so well</p>\r\n\t</li>\r\n\t<li>\r\n\t<p>Realize the power of building reusable components</p>\r\n\t</li>\r\n</ul>\r\n\r\n<h4>Description</h4>\r\n\r\n<p>Congratulations!&nbsp; You&#39;ve found the&nbsp;<em>most&nbsp;</em><strong><em>popular</em></strong>,&nbsp;<em>most&nbsp;</em><strong><em>complete</em></strong>, and&nbsp;<em>most&nbsp;</em><strong><em>up-to-date</em></strong>&nbsp;resource online for learning React and Redux!</p>\r\n\r\n<p>Thousands of other engineers have learned React and Redux, and you can too.&nbsp; This course uses a&nbsp;<strong>time-tested, battle-proven</strong>&nbsp;method to make sure you understand exactly how React and Redux work, and will get you a new job working as a software engineer or help you build that app you&#39;ve always been dreaming about.</p>\r\n\r\n<p><strong>The difference between this course and all the others: you will understand the design patterns used by top companies to build massively popular web apps.</strong></p>\r\n\r\n<p>React is the most popular Javascript library of the last five years, and the job market is still hotter than ever.&nbsp; Companies large and small can&#39;t hire engineers who understand React and Redux fast enough, and salaries for engineers are at an all time high.&nbsp; It&#39;s a great time to learn React!</p>",
    "thumbnail": "courses_thumbnail/2023-06-12/react.jpeg",
    "category": 1,
    "price": "15.00",
    "discount": "10.00",
    "actual_price": "13.50",
    "publish": true,
    "created": "2023-06-12T19:41:34.548Z",
    "updated": "2023-07-02T08:26:54.758Z",
    "students": []
  }
},
{
  "model": "courses.course",
  "pk": 2,
  "fields": {
    "owner": [
      "testuser"
    ],
    "name": "Machine Learning A-Z™: AI, Python & R + ChatGPT Bonus",
    "headline": "Learn to create Machine Learning Algorithms in Python and R from two Data Science experts. Code templates included.",
    "description": "<h4>What you&#39;ll learn</h4>\r\n\r\n<ul>\r\n\t<li>\r\n\t<p>Master Machine Learning on Python &amp; R</p>\r\n\t</li>\r\n\t<li>\r\n\t<p>Have a great intuition of many Machine Learning models</p>\r\n\t</li>\r\n\t<li>\r\n\t<p>Make accurate predictions</p>\r\n\t</li>\r\n\t<li>\r\n\t<p>Make powerful analysis</p>\r\n\t</li>\r\n\t<li>\r\n\t<p>Make robust Machine Learning models</p>\r\n\t</li>\r\n\t<li>\r\n\t<p>Create strong added value to your business</p>\r\n\t</li>\r\n\t<li>\r\n\t<p>Use Machine Learning for personal purpose</p>\r\n\t</li>\r\n\t<li>\r\n\t<p>Handle specific topics like Reinforcement Learning, NLP and Deep Learning</p>\r\n\t</li>\r\n\t<li>\r\n\t<p>Handle advanced techniques like Dimensionality Reduction</p>\r\n\t</li>\r\n\t<li>\r\n\t<p>Know which Machine Learning model to choose for each type of problem</p>\r\n\t</li>\r\n\t<li>\r\n\t<p>Build an army of powerful Machine Learning models and know how to combine them to solve any problem</p>\r\n\t</li>\r\n</ul>\r\n\r\n<h4>Description</h4>\r\n\r\n<p>Interested in the field of Machine Learning?&nbsp;Then this course is for you!</p>\r\n\r\n<p>This course has been designed by a&nbsp;<strong>Data Scientist and a Machine Learning expert</strong>&nbsp;so that we can share our knowledge and help you learn complex theory,&nbsp;algorithms, and coding libraries in a simple way.</p>\r\n\r\n<p><strong>Over 900,000 students</strong>&nbsp;world-wide trust this course.</p>\r\n\r\n<p>We will walk you step-by-step into the World of Machine Learning. With every tutorial, you will develop new skills and improve your understanding of this challenging yet lucrative sub-field of Data Science.</p>\r\n\r\n<p>This course can be completed by either doing either the&nbsp;<strong>Python tutorials, or R tutorials,</strong>&nbsp;or both -&nbsp;Python &amp;&nbsp;R. Pick the programming language that you need for your career.</p>",
    "thumbnail": "courses_thumbnail/2023-06-12/ml.jpeg",
    "category": 2,
    "price": "20.00",
    "discount": "8.00",
    "actual_price": "18.40",
    "publish": true,
    "created": "2023-06-12T19:57:49.907Z",
    "updated": "2023-06-25T20:59:47.444Z",
    "students": [
      [
        "admin"
      ]
    ]
  }
},
{
  "model": "courses.course",
  "pk": 3,
  "fields": {
    "owner": [
      "testuser"
    ],
    "name": "The Complete Android 12 & Kotlin Development Masterclass",
    "headline": "Learn Android 12 App Development From Beginner to Advanced Developer. Build Apps like Trello, 7Min Workout, Weather App",
    "description": "<h4>What you&#39;ll learn</h4>\r\n\r\n<ul>\r\n\t<li>\r\n\t<p>You can build any Android app you can think of. No matter if it is an idea that you or your friends have, or if it is a contract job that you need to develop.</p>\r\n\t</li>\r\n\t<li>\r\n\t<p>You will build Apps for your portfolio to apply for jr. Android developer Jobs.</p>\r\n\t</li>\r\n\t<li>\r\n\t<p>You&#39;ll be able to work as an Android freelancer and work from anywere in the world.</p>\r\n\t</li>\r\n\t<li>\r\n\t<p>Publish your apps on Google Play and generate revenue with Google Pay and Google Ads</p>\r\n\t</li>\r\n\t<li>\r\n\t<p>You&#39;ll be able to develop cloud apps using Google Firebase</p>\r\n\t</li>\r\n\t<li>\r\n\t<p>You will be very confident using Kotlin and programming in general</p>\r\n\t</li>\r\n</ul>\r\n\r\n<h4>Description</h4>\r\n\r\n<p><strong>So you want to become an Android developer</strong>&nbsp;and work from anywhere in the world, or maybe even the same place you&#39;re currently at, but with much more interesting and well-paying jobs? Learning Android App development is the way to go.</p>\r\n\r\n<p>You have a great idea for an app and you just need to learn how to make it happen? Or your friends know that you are tech-savvy and they constantly come to you with their great ideas and want you to build them?</p>\r\n\r\n<p>Do you have<strong>&nbsp;no programming experience</strong>&nbsp;whatsoever?&nbsp;Or maybe you have worked with another programming language in the past?</p>",
    "thumbnail": "courses_thumbnail/2023-06-12/andriod.jpeg",
    "category": 3,
    "price": "15.00",
    "discount": "10.00",
    "actual_price": "13.50",
    "publish": true,
    "created": "2023-06-12T20:38:45.771Z",
    "updated": "2023-06-25T21:01:06.830Z",
    "students": [
      [
        "admin"
      ]
    ]
  }
},
{
  "model": "courses.course",
  "pk": 4,
  "fields": {
    "owner": [
      "testuser"
    ],
    "name": "Java Programming Masterclass updated to Java 17",
    "headline": "Learn Java In This Course And Become a Computer Programmer. Obtain valuable Core Java Skills And Java Certification",
    "description": "<h4>What you&#39;ll learn</h4>\r\n\r\n<ul>\r\n\t<li>\r\n\t<p>Learn the core Java skills needed to apply for Java developer positions in just 14 hours.</p>\r\n\t</li>\r\n\t<li>\r\n\t<p>Be able to sit for and pass the Oracle Java Certificate exam if you choose.</p>\r\n\t</li>\r\n\t<li>\r\n\t<p>Be able to demonstrate your understanding of Java to future employers.</p>\r\n\t</li>\r\n\t<li>\r\n\t<p>Learn industry &quot;best practices&quot; in Java software development from a professional Java developer who has worked in the language for 18 years.</p>\r\n\t</li>\r\n\t<li>\r\n\t<p>Acquire essential java basics for transitioning to the Spring Framework, Java EE, Android development and more.</p>\r\n\t</li>\r\n\t<li>\r\n\t<p>Obtain proficiency in Java 8 and Java 11.</p>\r\n\t</li>\r\n</ul>\r\n\r\n<h4>Description</h4>\r\n\r\n<p><strong>December 24, 2022 UPDATE - SECOND&nbsp;PART&nbsp;OF&nbsp;THE&nbsp;MASSIVE&nbsp;NEW&nbsp;UPDATE&nbsp;FOR&nbsp;JAVA 17 IS&nbsp;LIVE TODAY.&nbsp; Read below to find out why you want to be learning Java 17 and not another version.</strong></p>\r\n\r\n<p>This course has been constantly updated since it originally came out in 2016.&nbsp; All updates are included free.&nbsp; Buy the course once and get all future updates free.</p>\r\n\r\n<p>You&rsquo;ve just stumbled upon the most complete, in-depth&nbsp;<strong>Java programming course online</strong>. With over 742,000 students enrolled and over one hundred and seventy four thousand reviews (<strong>with</strong>&nbsp;<strong>tens of thousands of those 5-star)</strong>&nbsp;to date, these comprehensive java tutorials cover everything you&rsquo;ll ever need.</p>",
    "thumbnail": "courses_thumbnail/2023-06-12/java.jpeg",
    "category": 4,
    "price": "20.00",
    "discount": "20.00",
    "actual_price": "16.00",
    "publish": true,
    "created": "2023-06-12T20:54:48.852Z",
    "updated": "2023-06-25T20:56:16.683Z",
    "students": []
  }
},
{
  "model": "courses.course",
  "pk": 5,
  "fields": {
    "owner": [
      "testuser"
    ],
    "name": "The Ultimate Guide to Game Development with Unity",
    "headline": "Created in partnership with Unity Technologies: learn C# by developing 2D & 3D games with this comprehensive guide",
    "description": "<h4>What you&#39;ll learn</h4>\r\n\r\n<ul>\r\n\t<li>\r\n\t<p>Master beginner C# concepts, like variables, &quot;if&quot; statements, and arrays</p>\r\n\t</li>\r\n\t<li>\r\n\t<p>Detect collisions, receive user input, and create player movements</p>\r\n\t</li>\r\n\t<li>\r\n\t<p>Create power-ups including triple shots, laser beams, speed boosts, and shields</p>\r\n\t</li>\r\n\t<li>\r\n\t<p>Apply shaders that transform your game backgrounds</p>\r\n\t</li>\r\n\t<li>\r\n\t<p>Create enemies with basic AI behavior</p>\r\n\t</li>\r\n\t<li>\r\n\t<p>Collect and destroy game objects</p>\r\n\t</li>\r\n\t<li>\r\n\t<p>Implement sound effects, background music, and particle effects</p>\r\n\t</li>\r\n\t<li>\r\n\t<p>Activate and use Unity&rsquo;s Team Collaboration service</p>\r\n\t</li>\r\n\t<li>\r\n\t<p>Navigate the Unity Engine and discover unique features like the Asset Store</p>\r\n\t</li>\r\n\t<li>\r\n\t<p>Deploy your game to over 20 web or mobile platforms</p>\r\n\t</li>\r\n</ul>",
    "thumbnail": "ecourses/media/courses_thumbnail/2023-06-27/game_xqmoaz",
    "category": 5,
    "price": "14.00",
    "discount": "20.00",
    "actual_price": "11.20",
    "publish": true,
    "created": "2023-06-27T21:14:25.686Z",
    "updated": "2023-07-02T08:28:15.619Z",
    "students": []
  }
},
{
  "model": "courses.module",
  "pk": 1,
  "fields": {
    "course": 1,
    "name": "Let's Dive In",
    "order": 3
  }
},
{
  "model": "courses.module",
  "pk": 2,
  "fields": {
    "course": 1,
    "name": "Creating Content With JSX",
    "order": 2
  }
},
{
  "model": "courses.module",
  "pk": 3,
  "fields": {
    "course": 1,
    "name": "Building With Reusable Components",
    "order": 4
  }
},
{
  "model": "courses.module",
  "pk": 4,
  "fields": {
    "course": 1,
    "name": "State: How To Change Your App",
    "order": 1
  }
},
{
  "model": "courses.module",
  "pk": 5,
  "fields": {
    "course": 2,
    "name": "Data Preprocessing In Python",
    "order": 1
  }
},
{
  "model": "courses.module",
  "pk": 6,
  "fields": {
    "course": 2,
    "name": "Data Preprocessing In R",
    "order": 2
  }
},
{
  "model": "courses.module",
  "pk": 7,
  "fields": {
    "course": 2,
    "name": "Simple Linear Regression",
    "order": 3
  }
},
{
  "model": "courses.module",
  "pk": 8,
  "fields": {
    "course": 2,
    "name": "Multiple Linear Regression",
    "order": 4
  }
},
{
  "model": "courses.module",
  "pk": 9,
  "fields": {
    "course": 3,
    "name": "Getting Started With Android Studio",
    "order": 1
  }
},
{
  "model": "courses.module",
  "pk": 10,
  "fields": {
    "course": 3,
    "name": "Kotlin Fundamentals",
    "order": 2
  }
},
{
  "model": "courses.module",
  "pk": 11,
  "fields": {
    "course": 3,
    "name": "Object Oriented Programming Basics In Kotlin",
    "order": 3
  }
},
{
  "model": "courses.module",
  "pk": 12,
  "fields": {
    "course": 3,
    "name": "More Fundamentals Of Kotlin",
    "order": 4
  }
},
{
  "model": "courses.module",
  "pk": 13,
  "fields": {
    "course": 4,
    "name": "Programming Tools Setup",
    "order": 1
  }
},
{
  "model": "courses.module",
  "pk": 14,
  "fields": {
    "course": 4,
    "name": "First Steps",
    "order": 2
  }
},
{
  "model": "courses.module",
  "pk": 15,
  "fields": {
    "course": 4,
    "name": "IntelliJ Basics",
    "order": 3
  }
},
{
  "model": "courses.module",
  "pk": 16,
  "fields": {
    "course": 4,
    "name": "Expressions, Statements and More",
    "order": 4
  }
},
{
  "model": "courses.module",
  "pk": 17,
  "fields": {
    "course": 5,
    "name": "Project Setup",
    "order": 1
  }
},
{
  "model": "courses.module",
  "pk": 18,
  "fields": {
    "course": 5,
    "name": "Create The Player",
    "order": 2
  }
},
{
  "model": "courses.module",
  "pk": 19,
  "fields": {
    "course": 5,
    "name": "Shooting",
    "order": 3
  }
},
{
  "model": "courses.lecture",
  "pk": 1,
  "fields": {
    "module": 1,
    "topic": "How To Get Help",
    "video": "lecture_video/movie.mp4",
    "content": "",
    "order": 1
  }
},
{
  "model": "courses.lecture",
  "pk": 2,
  "fields": {
    "module": 1,
    "topic": "Let's Build An App",
    "video": "lecture_video/movie.mp4",
    "content": "",
    "order": 2
  }
},
{
  "model": "courses.lecture",
  "pk": 3,
  "fields": {
    "module": 1,
    "topic": "Creating A React Project",
    "video": "lecture_video/movie.mp4",
    "content": "",
    "order": 3
  }
},
{
  "model": "courses.lecture",
  "pk": 4,
  "fields": {
    "module": 2,
    "topic": "Showing Basic Context",
    "video": "lecture_video/movie.mp4",
    "content": "",
    "order": 1
  }
},
{
  "model": "courses.lecture",
  "pk": 5,
  "fields": {
    "module": 2,
    "topic": "What Is JSX",
    "video": "lecture_video/movie.mp4",
    "content": "",
    "order": 2
  }
},
{
  "model": "courses.lecture",
  "pk": 6,
  "fields": {
    "module": 2,
    "topic": "Printing JavaScript Variable in JSX",
    "video": "lecture_video/movie.mp4",
    "content": "",
    "order": 3
  }
},
{
  "model": "courses.lecture",
  "pk": 7,
  "fields": {
    "module": 3,
    "topic": "Creating Core Components",
    "video": "lecture_video/movie.mp4",
    "content": "",
    "order": 1
  }
},
{
  "model": "courses.lecture",
  "pk": 8,
  "fields": {
    "module": 3,
    "topic": "Introducing The Props System",
    "video": "lecture_video/movie.mp4",
    "content": "",
    "order": 2
  }
},
{
  "model": "courses.lecture",
  "pk": 9,
  "fields": {
    "module": 3,
    "topic": "Picturing the Movement of Data",
    "video": "lecture_video/movie.mp4",
    "content": "",
    "order": 3
  }
},
{
  "model": "courses.lecture",
  "pk": 10,
  "fields": {
    "module": 4,
    "topic": "App Overview",
    "video": "lecture_video/movie.mp4",
    "content": "",
    "order": 1
  }
},
{
  "model": "courses.lecture",
  "pk": 11,
  "fields": {
    "module": 4,
    "topic": "Initial App Setup",
    "video": "lecture_video/movie.mp4",
    "content": "",
    "order": 2
  }
},
{
  "model": "courses.lecture",
  "pk": 12,
  "fields": {
    "module": 4,
    "topic": "Introducing The Event System",
    "video": "lecture_video/movie.mp4",
    "content": "",
    "order": 3
  }
},
{
  "model": "courses.lecture",
  "pk": 13,
  "fields": {
    "module": 5,
    "topic": "Importing Libraries",
    "video": "lecture_video/movie.mp4",
    "content": "",
    "order": 3
  }
},
{
  "model": "courses.lecture",
  "pk": 14,
  "fields": {
    "module": 5,
    "topic": "Importing The Dataset",
    "video": "lecture_video/movie.mp4",
    "content": "",
    "order": 1
  }
},
{
  "model": "courses.lecture",
  "pk": 15,
  "fields": {
    "module": 5,
    "topic": "Taking Care Of Missing Data",
    "video": "lecture_video/movie.mp4",
    "content": "",
    "order": 2
  }
},
{
  "model": "courses.lecture",
  "pk": 16,
  "fields": {
    "module": 6,
    "topic": "Getting Started",
    "video": "lecture_video/movie.mp4",
    "content": "",
    "order": 1
  }
},
{
  "model": "courses.lecture",
  "pk": 17,
  "fields": {
    "module": 6,
    "topic": "Dataset Description",
    "video": "lecture_video/movie.mp4",
    "content": "",
    "order": 2
  }
},
{
  "model": "courses.lecture",
  "pk": 18,
  "fields": {
    "module": 6,
    "topic": "Taking Care Of Missing Data",
    "video": "lecture_video/movie.mp4",
    "content": "",
    "order": 3
  }
},
{
  "model": "courses.lecture",
  "pk": 19,
  "fields": {
    "module": 7,
    "topic": "Simple Linear Regression Intuition",
    "video": "lecture_video/movie.mp4",
    "content": "",
    "order": 1
  }
},
{
  "model": "courses.lecture",
  "pk": 20,
  "fields": {
    "module": 7,
    "topic": "Ordinary Least Squares",
    "video": "lecture_video/movie.mp4",
    "content": "",
    "order": 2
  }
},
{
  "model": "courses.lecture",
  "pk": 21,
  "fields": {
    "module": 7,
    "topic": "Simple Linear Regression In Python",
    "video": "lecture_video/movie.mp4",
    "content": "",
    "order": 3
  }
},
{
  "model": "courses.lecture",
  "pk": 22,
  "fields": {
    "module": 8,
    "topic": "Dataset + Business Problem Description",
    "video": "lecture_video/movie.mp4",
    "content": "",
    "order": 1
  }
},
{
  "model": "courses.lecture",
  "pk": 23,
  "fields": {
    "module": 8,
    "topic": "Multiple Linear Regression Intuition",
    "video": "lecture_video/movie.mp4",
    "content": "",
    "order": 2
  }
},
{
  "model": "courses.lecture",
  "pk": 24,
  "fields": {
    "module": 8,
    "topic": "Understanding the P-Value",
    "video": "lecture_video/movie.mp4",
    "content": "",
    "order": 3
  }
},
{
  "model": "courses.lecture",
  "pk": 25,
  "fields": {
    "module": 9,
    "topic": "Installing Android Studio",
    "video": "lecture_video/movie.mp4",
    "content": "",
    "order": 1
  }
},
{
  "model": "courses.lecture",
  "pk": 26,
  "fields": {
    "module": 9,
    "topic": "Setting up the Emulator",
    "video": "lecture_video/movie.mp4",
    "content": "",
    "order": 2
  }
},
{
  "model": "courses.lecture",
  "pk": 27,
  "fields": {
    "module": 9,
    "topic": "Hello World",
    "video": "lecture_video/movie.mp4",
    "content": "",
    "order": 3
  }
},
{
  "model": "courses.lecture",
  "pk": 28,
  "fields": {
    "module": 10,
    "topic": "Variables and difference between val and var",
    "video": "lecture_video/movie.mp4",
    "content": "",
    "order": 1
  }
},
{
  "model": "courses.lecture",
  "pk": 29,
  "fields": {
    "module": 10,
    "topic": "Datatypes of numbers",
    "video": "lecture_video/movie.mp4",
    "content": "",
    "order": 2
  }
},
{
  "model": "courses.lecture",
  "pk": 30,
  "fields": {
    "module": 10,
    "topic": "Datatypes bool, char and string",
    "video": "lecture_video/movie.mp4",
    "content": "",
    "order": 3
  }
},
{
  "model": "courses.lecture",
  "pk": 31,
  "fields": {
    "module": 11,
    "topic": "Introduction to OOP",
    "video": "lecture_video/movie.mp4",
    "content": "",
    "order": 1
  }
},
{
  "model": "courses.lecture",
  "pk": 32,
  "fields": {
    "module": 11,
    "topic": "Classes and Objects",
    "video": "lecture_video/movie.mp4",
    "content": "",
    "order": 2
  }
},
{
  "model": "courses.lecture",
  "pk": 33,
  "fields": {
    "module": 11,
    "topic": "Classes And Initializers",
    "video": "lecture_video/movie.mp4",
    "content": "",
    "order": 3
  }
},
{
  "model": "courses.lecture",
  "pk": 34,
  "fields": {
    "module": 12,
    "topic": "Overview Collections",
    "video": "lecture_video/movie.mp4",
    "content": "",
    "order": 1
  }
},
{
  "model": "courses.lecture",
  "pk": 35,
  "fields": {
    "module": 12,
    "topic": "Arrays",
    "video": "lecture_video/movie.mp4",
    "content": "",
    "order": 2
  }
},
{
  "model": "courses.lecture",
  "pk": 36,
  "fields": {
    "module": 12,
    "topic": "Lists",
    "video": "lecture_video/movie.mp4",
    "content": "",
    "order": 3
  }
},
{
  "model": "courses.lecture",
  "pk": 37,
  "fields": {
    "module": 13,
    "topic": "Install JDK 17 for Windows",
    "video": "lecture_video/movie.mp4",
    "content": "",
    "order": 1
  }
},
{
  "model": "courses.lecture",
  "pk": 38,
  "fields": {
    "module": 13,
    "topic": "Install JDK 11 for Mac",
    "video": "lecture_video/movie.mp4",
    "content": "",
    "order": 2
  }
},
{
  "model": "courses.lecture",
  "pk": 39,
  "fields": {
    "module": 13,
    "topic": "Install JDK 11 for Linux",
    "video": "lecture_video/movie.mp4",
    "content": "",
    "order": 3
  }
},
{
  "model": "courses.lecture",
  "pk": 40,
  "fields": {
    "module": 14,
    "topic": "Hello World",
    "video": "lecture_video/movie.mp4",
    "content": "",
    "order": 1
  }
},
{
  "model": "courses.lecture",
  "pk": 41,
  "fields": {
    "module": 14,
    "topic": "Variables",
    "video": "lecture_video/movie.mp4",
    "content": "",
    "order": 2
  }
},
{
  "model": "courses.lecture",
  "pk": 42,
  "fields": {
    "module": 14,
    "topic": "Starting out with Expressions",
    "video": "lecture_video/movie.mp4",
    "content": "",
    "order": 3
  }
},
{
  "model": "courses.lecture",
  "pk": 43,
  "fields": {
    "module": 15,
    "topic": "From JShell to an IDE",
    "video": "lecture_video/movie.mp4",
    "content": "",
    "order": 1
  }
},
{
  "model": "courses.lecture",
  "pk": 44,
  "fields": {
    "module": 15,
    "topic": "Installing IntelliJ IDEA for Windows",
    "video": "lecture_video/movie.mp4",
    "content": "",
    "order": 2
  }
},
{
  "model": "courses.lecture",
  "pk": 45,
  "fields": {
    "module": 15,
    "topic": "Installing IntelliJ IDEA for Mac",
    "video": "lecture_video/movie.mp4",
    "content": "",
    "order": 3
  }
},
{
  "model": "courses.lecture",
  "pk": 46,
  "fields": {
    "module": 16,
    "topic": "Keywords and Expressions",
    "video": "lecture_video/movie.mp4",
    "content": "",
    "order": 1
  }
},
{
  "model": "courses.lecture",
  "pk": 47,
  "fields": {
    "module": 16,
    "topic": "Statements, Whitespace and Indentation (Code Organization)",
    "video": "lecture_video/movie.mp4",
    "content": "",
    "order": 2
  }
},
{
  "model": "courses.lecture",
  "pk": 48,
  "fields": {
    "module": 16,
    "topic": "Code Blocks And The If Then Else Control Statement",
    "video": "lecture_video/movie.mp4",
    "content": "",
    "order": 3
  }
},
{
  "model": "courses.lecture",
  "pk": 49,
  "fields": {
    "module": 17,
    "topic": "Create a New Unity Project with Unity 2019.x",
    "video": "ecourses/media/lecture_video/2023-06-27/movie_fulkuk",
    "content": "",
    "order": 1
  }
},
{
  "model": "courses.lecture",
  "pk": 50,
  "fields": {
    "module": 17,
    "topic": "Editor Overview",
    "video": "ecourses/media/lecture_video/2023-06-27/movie_qrvqiy",
    "content": "",
    "order": 2
  }
},
{
  "model": "courses.lecture",
  "pk": 51,
  "fields": {
    "module": 17,
    "topic": "Navigating the Scene View",
    "video": "ecourses/media/lecture_video/2023-06-27/movie_wrlqer",
    "content": "",
    "order": 3
  }
},
{
  "model": "courses.lecture",
  "pk": 52,
  "fields": {
    "module": 18,
    "topic": "Create the Player Introduction",
    "video": "ecourses/media/lecture_video/2023-06-27/movie_fexbkz",
    "content": "",
    "order": 2
  }
},
{
  "model": "courses.lecture",
  "pk": 53,
  "fields": {
    "module": 18,
    "topic": "Player Setup",
    "video": "ecourses/media/lecture_video/2023-06-27/movie_ie2jr6",
    "content": "",
    "order": 1
  }
},
{
  "model": "courses.lecture",
  "pk": 54,
  "fields": {
    "module": 18,
    "topic": "16:9 Aspect Ratio",
    "video": "ecourses/media/lecture_video/2023-06-27/movie_umhjrr",
    "content": "<p><img alt=\"\" src=\"https://res.cloudinary.com/dxtugxga0/image/upload/v1/ecourses/media/ckeditor-media/admin/2023/06/28/game_ms6gcu\" style=\"height:168px; width:299px\" /></p>",
    "order": 3
  }
},
{
  "model": "courses.lecture",
  "pk": 55,
  "fields": {
    "module": 19,
    "topic": "Shooting Introduction",
    "video": "ecourses/media/lecture_video/2023-06-27/movie_g3f8yv",
    "content": "",
    "order": 1
  }
},
{
  "model": "courses.lecture",
  "pk": 56,
  "fields": {
    "module": 19,
    "topic": "Laser Setup Prefab",
    "video": "ecourses/media/lecture_video/2023-06-27/movie_vubjxb",
    "content": "",
    "order": 2
  }
},
{
  "model": "courses.lecture",
  "pk": 57,
  "fields": {
    "module": 19,
    "topic": "Fixing Visual Studio Behavior When Opening Scripts",
    "video": "ecourses/media/lecture_video/2023-06-27/movie_fjctjk",
    "content": "",
    "order": 3
  }
},
{
  "model": "courses.additionalfile",
  "pk": 1,
  "fields": {
    "lecture": 50,
    "file": "ecourses/media/additional_files/2023-06-27/channels-readthedocs-io-en-stable_hc3uwr.pdf"
  }
},
{
  "model": "courses.additionalfile",
  "pk": 2,
  "fields": {
    "lecture": 49,
    "file": "ecourses/media/additional_files/2023-06-27/channels-readthedocs-io-en-stable_yhnmrr.pdf"
  }
},
{
  "model": "users.userprofile",
  "pk": 1,
  "fields": {
    "user": [
      "admin"
    ],
    "image": "profile_image/placeholder.jpg",
    "headline": null,
    "overview": null
  }
},
{
  "model": "users.userprofile",
  "pk": 2,
  "fields": {
    "user": [
      "testuser"
    ],
    "image": "ecourses/media/profile_image/2023-07-02/about_v3mavn",
    "headline": null,
    "overview": ""
  }
},
{
  "model": "purchase.coupon",
  "pk": 1,
  "fields": {
    "code": "VALID_COUPON_CODE",
    "discount": "30.00",
    "start_date": "2023-06-14T19:15:25Z",
    "end_date": "2023-06-14T22:24:50Z"
  }
},
{
  "model": "purchase.payment",
  "pk": 13,
  "fields": {
    "user": [
      "admin"
    ],
    "amount": "32.00",
    "time": "2023-06-25T20:59:45.294Z",
    "courses": [
      1,
      2
    ]
  }
},
{
  "model": "purchase.payment",
  "pk": 14,
  "fields": {
    "user": [
      "admin"
    ],
    "amount": "15.00",
    "time": "2023-06-25T21:01:06.068Z",
    "courses": [
      3
    ]
  }
},
{
  "model": "purchase.payment",
  "pk": 15,
  "fields": {
    "user": [
      "admin"
    ],
    "amount": "14.00",
    "time": "2023-06-28T18:46:35.927Z",
    "courses": [
      5
    ]
  }
},
{
  "model": "purchase.notification",
  "pk": 1,
  "fields": {
    "actor": [
      "admin"
    ],
    "course": 1,
    "recipient": [
      "testuser"
    ],
    "read": true,
    "timestamp": "2023-06-25T20:59:46.492Z"
  }
},
{
  "model": "purchase.notification",
  "pk": 2,
  "fields": {
    "actor": [
      "admin"
    ],
    "course": 2,
    "recipient": [
      "testuser"
    ],
    "read": false,
    "timestamp": "2023-06-25T20:59:47.702Z"
  }
},
{
  "model": "purchase.notification",
  "pk": 3,
  "fields": {
    "actor": [
      "admin"
    ],
    "course": 3,
    "recipient": [
      "testuser"
    ],
    "read": false,
    "timestamp": "2023-06-25T21:01:07.061Z"
  }
},
{
  "model": "purchase.notification",
  "pk": 4,
  "fields": {
    "actor": [
      "admin"
    ],
    "course": 5,
    "recipient": [
      "testuser"
    ],
    "read": false,
    "timestamp": "2023-06-28T18:46:35.941Z"
  }
},
{
  "model": "account.emailaddress",
  "pk": 1,
  "fields": {
    "user": [
      "admin"
    ],
    "email": "admin@company.com",
    "verified": false,
    "primary": true
  }
},
{
  "model": "account.emailaddress",
  "pk": 2,
  "fields": {
    "user": [
      "testuser"
    ],
    "email": "testuser@company.com",
    "verified": false,
    "primary": true
  }
},
{
  "model": "admin.logentry",
  "pk": 1,
  "fields": {
    "action_time": "2023-06-12T19:38:33.372Z",
    "user": [
      "admin"
    ],
    "content_type": [
      "courses",
      "category"
    ],
    "object_id": "1",
    "object_repr": "Web Development",
    "action_flag": 1,
    "change_message": "[{\"added\": {}}]"
  }
},
{
  "model": "admin.logentry",
  "pk": 2,
  "fields": {
    "action_time": "2023-06-12T19:38:44.875Z",
    "user": [
      "admin"
    ],
    "content_type": [
      "courses",
      "category"
    ],
    "object_id": "2",
    "object_repr": "Data Science",
    "action_flag": 1,
    "change_message": "[{\"added\": {}}]"
  }
},
{
  "model": "admin.logentry",
  "pk": 3,
  "fields": {
    "action_time": "2023-06-12T19:38:59.914Z",
    "user": [
      "admin"
    ],
    "content_type": [
      "courses",
      "category"
    ],
    "object_id": "3",
    "object_repr": "Mobile Development",
    "action_flag": 1,
    "change_message": "[{\"added\": {}}]"
  }
},
{
  "model": "admin.logentry",
  "pk": 4,
  "fields": {
    "action_time": "2023-06-12T19:39:20.085Z",
    "user": [
      "admin"
    ],
    "content_type": [
      "courses",
      "category"
    ],
    "object_id": "4",
    "object_repr": "Programming Languages",
    "action_flag": 1,
    "change_message": "[{\"added\": {}}]"
  }
},
{
  "model": "admin.logentry",
  "pk": 5,
  "fields": {
    "action_time": "2023-06-12T19:39:32.722Z",
    "user": [
      "admin"
    ],
    "content_type": [
      "courses",
      "category"
    ],
    "object_id": "5",
    "object_repr": "Game Development",
    "action_flag": 1,
    "change_message": "[{\"added\": {}}]"
  }
},
{
  "model": "admin.logentry",
  "pk": 6,
  "fields": {
    "action_time": "2023-06-13T09:20:08.901Z",
    "user": [
      "admin"
    ],
    "content_type": [
      "courses",
      "category"
    ],
    "object_id": "1",
    "object_repr": "Web Development",
    "action_flag": 2,
    "change_message": "[{\"changed\": {\"fields\": [\"Thumbnail\"]}}]"
  }
},
{
  "model": "admin.logentry",
  "pk": 7,
  "fields": {
    "action_time": "2023-06-13T09:20:26.770Z",
    "user": [
      "admin"
    ],
    "content_type": [
      "courses",
      "category"
    ],
    "object_id": "2",
    "object_repr": "Data Science",
    "action_flag": 2,
    "change_message": "[{\"changed\": {\"fields\": [\"Thumbnail\"]}}]"
  }
},
{
  "model": "admin.logentry",
  "pk": 8,
  "fields": {
    "action_time": "2023-06-13T09:20:43.167Z",
    "user": [
      "admin"
    ],
    "content_type": [
      "courses",
      "category"
    ],
    "object_id": "3",
    "object_repr": "Mobile Development",
    "action_flag": 2,
    "change_message": "[{\"changed\": {\"fields\": [\"Thumbnail\"]}}]"
  }
},
{
  "model": "admin.logentry",
  "pk": 9,
  "fields": {
    "action_time": "2023-06-13T09:20:58.877Z",
    "user": [
      "admin"
    ],
    "content_type": [
      "courses",
      "category"
    ],
    "object_id": "4",
    "object_repr": "Programming Languages",
    "action_flag": 2,
    "change_message": "[{\"changed\": {\"fields\": [\"Thumbnail\"]}}]"
  }
},
{
  "model": "admin.logentry",
  "pk": 10,
  "fields": {
    "action_time": "2023-06-13T09:21:22.169Z",
    "user": [
      "admin"
    ],
    "content_type": [
      "courses",
      "category"
    ],
    "object_id": "5",
    "object_repr": "Game Development",
    "action_flag": 2,
    "change_message": "[{\"changed\": {\"fields\": [\"Thumbnail\"]}}]"
  }
},
{
  "model": "admin.logentry",
  "pk": 11,
  "fields": {
    "action_time": "2023-06-14T19:15:57.896Z",
    "user": [
      "admin"
    ],
    "content_type": [
      "purchase",
      "coupon"
    ],
    "object_id": "1",
    "object_repr": "VALID_COUPON_CODE",
    "action_flag": 1,
    "change_message": "[{\"added\": {}}]"
  }
},
{
  "model": "admin.logentry",
  "pk": 12,
  "fields": {
    "action_time": "2023-06-14T19:18:08.347Z",
    "user": [
      "admin"
    ],
    "content_type": [
      "purchase",
      "coupon"
    ],
    "object_id": "1",
    "object_repr": "VALID_COUPON_CODE",
    "action_flag": 2,
    "change_message": "[{\"changed\": {\"fields\": [\"End date\"]}}]"
  }
},
{
  "model": "admin.logentry",
  "pk": 13,
  "fields": {
    "action_time": "2023-06-14T20:18:19.952Z",
    "user": [
      "admin"
    ],
    "content_type": [
      "purchase",
      "coupon"
    ],
    "object_id": "1",
    "object_repr": "VALID_COUPON_CODE",
    "action_flag": 2,
    "change_message": "[{\"changed\": {\"fields\": [\"End date\"]}}]"
  }
},
{
  "model": "admin.logentry",
  "pk": 14,
  "fields": {
    "action_time": "2023-06-14T20:19:34.566Z",
    "user": [
      "admin"
    ],
    "content_type": [
      "purchase",
      "coupon"
    ],
    "object_id": "1",
    "object_repr": "VALID_COUPON_CODE",
    "action_flag": 2,
    "change_message": "[{\"changed\": {\"fields\": [\"End date\"]}}]"
  }
},
{
  "model": "admin.logentry",
  "pk": 15,
  "fields": {
    "action_time": "2023-06-14T20:23:27.506Z",
    "user": [
      "admin"
    ],
    "content_type": [
      "purchase",
      "coupon"
    ],
    "object_id": "1",
    "object_repr": "VALID_COUPON_CODE",
    "action_flag": 2,
    "change_message": "[{\"changed\": {\"fields\": [\"End date\"]}}]"
  }
},
{
  "model": "admin.logentry",
  "pk": 16,
  "fields": {
    "action_time": "2023-06-14T20:25:46.478Z",
    "user": [
      "admin"
    ],
    "content_type": [
      "purchase",
      "coupon"
    ],
    "object_id": "1",
    "object_repr": "VALID_COUPON_CODE",
    "action_flag": 2,
    "change_message": "[{\"changed\": {\"fields\": [\"Discount\", \"End date\"]}}]"
  }
},
{
  "model": "admin.logentry",
  "pk": 17,
  "fields": {
    "action_time": "2023-06-15T16:32:04.652Z",
    "user": [
      "admin"
    ],
    "content_type": [
      "courses",
      "lecture"
    ],
    "object_id": "14",
    "object_repr": "Importing The Dataset",
    "action_flag": 2,
    "change_message": "[{\"changed\": {\"fields\": [\"Content\"]}}]"
  }
},
{
  "model": "admin.logentry",
  "pk": 18,
  "fields": {
    "action_time": "2023-06-15T16:32:57.794Z",
    "user": [
      "admin"
    ],
    "content_type": [
      "courses",
      "lecture"
    ],
    "object_id": "14",
    "object_repr": "Importing The Dataset",
    "action_flag": 2,
    "change_message": "[{\"changed\": {\"fields\": [\"Content\"]}}]"
  }
},
{
  "model": "admin.logentry",
  "pk": 19,
  "fields": {
    "action_time": "2023-06-25T14:45:36.173Z",
    "user": [
      "admin"
    ],
    "content_type": [
      "courses",
      "course"
    ],
    "object_id": "1",
    "object_repr": "Modern React with Redux",
    "action_flag": 2,
    "change_message": "[{\"changed\": {\"fields\": [\"Owner\"]}}]"
  }
},
{
  "model": "admin.logentry",
  "pk": 20,
  "fields": {
    "action_time": "2023-06-25T14:49:27.460Z",
    "user": [
      "admin"
    ],
    "content_type": [
      "courses",
      "course"
    ],
    "object_id": "1",
    "object_repr": "Modern React with Redux",
    "action_flag": 2,
    "change_message": "[{\"changed\": {\"fields\": [\"Students\"]}}]"
  }
},
{
  "model": "admin.logentry",
  "pk": 21,
  "fields": {
    "action_time": "2023-06-25T15:52:50.825Z",
    "user": [
      "admin"
    ],
    "content_type": [
      "courses",
      "course"
    ],
    "object_id": "4",
    "object_repr": "Java Programming Masterclass updated to Java 17",
    "action_flag": 2,
    "change_message": "[{\"changed\": {\"fields\": [\"Owner\"]}}]"
  }
},
{
  "model": "admin.logentry",
  "pk": 22,
  "fields": {
    "action_time": "2023-06-25T15:57:37.356Z",
    "user": [
      "admin"
    ],
    "content_type": [
      "courses",
      "course"
    ],
    "object_id": "4",
    "object_repr": "Java Programming Masterclass updated to Java 17",
    "action_flag": 2,
    "change_message": "[{\"changed\": {\"fields\": [\"Students\"]}}]"
  }
},
{
  "model": "admin.logentry",
  "pk": 23,
  "fields": {
    "action_time": "2023-06-25T15:58:04.704Z",
    "user": [
      "admin"
    ],
    "content_type": [
      "purchase",
      "payment"
    ],
    "object_id": "3",
    "object_repr": "Payment object (3)",
    "action_flag": 3,
    "change_message": ""
  }
},
{
  "model": "admin.logentry",
  "pk": 24,
  "fields": {
    "action_time": "2023-06-25T16:13:23.712Z",
    "user": [
      "admin"
    ],
    "content_type": [
      "courses",
      "course"
    ],
    "object_id": "4",
    "object_repr": "Java Programming Masterclass updated to Java 17",
    "action_flag": 2,
    "change_message": "[{\"changed\": {\"fields\": [\"Students\"]}}]"
  }
},
{
  "model": "admin.logentry",
  "pk": 25,
  "fields": {
    "action_time": "2023-06-25T16:17:03.885Z",
    "user": [
      "admin"
    ],
    "content_type": [
      "courses",
      "course"
    ],
    "object_id": "4",
    "object_repr": "Java Programming Masterclass updated to Java 17",
    "action_flag": 2,
    "change_message": "[{\"changed\": {\"fields\": [\"Students\"]}}]"
  }
},
{
  "model": "admin.logentry",
  "pk": 26,
  "fields": {
    "action_time": "2023-06-25T16:19:31.370Z",
    "user": [
      "admin"
    ],
    "content_type": [
      "courses",
      "course"
    ],
    "object_id": "4",
    "object_repr": "Java Programming Masterclass updated to Java 17",
    "action_flag": 2,
    "change_message": "[{\"changed\": {\"fields\": [\"Students\"]}}]"
  }
},
{
  "model": "admin.logentry",
  "pk": 27,
  "fields": {
    "action_time": "2023-06-25T16:21:37.359Z",
    "user": [
      "admin"
    ],
    "content_type": [
      "courses",
      "course"
    ],
    "object_id": "4",
    "object_repr": "Java Programming Masterclass updated to Java 17",
    "action_flag": 2,
    "change_message": "[{\"changed\": {\"fields\": [\"Students\"]}}]"
  }
},
{
  "model": "admin.logentry",
  "pk": 28,
  "fields": {
    "action_time": "2023-06-25T16:24:05.966Z",
    "user": [
      "admin"
    ],
    "content_type": [
      "courses",
      "course"
    ],
    "object_id": "4",
    "object_repr": "Java Programming Masterclass updated to Java 17",
    "action_flag": 2,
    "change_message": "[{\"changed\": {\"fields\": [\"Students\"]}}]"
  }
},
{
  "model": "admin.logentry",
  "pk": 29,
  "fields": {
    "action_time": "2023-06-25T16:25:18.564Z",
    "user": [
      "admin"
    ],
    "content_type": [
      "courses",
      "course"
    ],
    "object_id": "4",
    "object_repr": "Java Programming Masterclass updated to Java 17",
    "action_flag": 2,
    "change_message": "[{\"changed\": {\"fields\": [\"Students\"]}}]"
  }
},
{
  "model": "admin.logentry",
  "pk": 30,
  "fields": {
    "action_time": "2023-06-25T16:25:57.852Z",
    "user": [
      "admin"
    ],
    "content_type": [
      "courses",
      "course"
    ],
    "object_id": "4",
    "object_repr": "Java Programming Masterclass updated to Java 17",
    "action_flag": 2,
    "change_message": "[{\"changed\": {\"fields\": [\"Students\"]}}]"
  }
},
{
  "model": "admin.logentry",
  "pk": 31,
  "fields": {
    "action_time": "2023-06-25T16:27:17.937Z",
    "user": [
      "admin"
    ],
    "content_type": [
      "courses",
      "course"
    ],
    "object_id": "4",
    "object_repr": "Java Programming Masterclass updated to Java 17",
    "action_flag": 2,
    "change_message": "[{\"changed\": {\"fields\": [\"Students\"]}}]"
  }
},
{
  "model": "admin.logentry",
  "pk": 32,
  "fields": {
    "action_time": "2023-06-25T20:56:16.698Z",
    "user": [
      "admin"
    ],
    "content_type": [
      "courses",
      "course"
    ],
    "object_id": "4",
    "object_repr": "Java Programming Masterclass updated to Java 17",
    "action_flag": 2,
    "change_message": "[{\"changed\": {\"fields\": [\"Students\"]}}]"
  }
},
{
  "model": "admin.logentry",
  "pk": 33,
  "fields": {
    "action_time": "2023-06-25T20:56:33.303Z",
    "user": [
      "admin"
    ],
    "content_type": [
      "courses",
      "course"
    ],
    "object_id": "3",
    "object_repr": "The Complete Android 12 & Kotlin Development Masterclass",
    "action_flag": 2,
    "change_message": "[{\"changed\": {\"fields\": [\"Owner\", \"Students\"]}}]"
  }
},
{
  "model": "admin.logentry",
  "pk": 34,
  "fields": {
    "action_time": "2023-06-25T20:56:55.772Z",
    "user": [
      "admin"
    ],
    "content_type": [
      "courses",
      "course"
    ],
    "object_id": "2",
    "object_repr": "Machine Learning A-Z™: AI, Python & R + ChatGPT Bonus",
    "action_flag": 2,
    "change_message": "[{\"changed\": {\"fields\": [\"Owner\", \"Students\"]}}]"
  }
},
{
  "model": "admin.logentry",
  "pk": 35,
  "fields": {
    "action_time": "2023-06-25T20:57:06.063Z",
    "user": [
      "admin"
    ],
    "content_type": [
      "courses",
      "course"
    ],
    "object_id": "1",
    "object_repr": "Modern React with Redux",
    "action_flag": 2,
    "change_message": "[]"
  }
},
{
  "model": "admin.logentry",
  "pk": 36,
  "fields": {
    "action_time": "2023-06-26T05:35:44.525Z",
    "user": [
      "admin"
    ],
    "content_type": [
      "purchase",
      "payment"
    ],
    "object_id": "12",
    "object_repr": "Payment object (12)",
    "action_flag": 3,
    "change_message": ""
  }
},
{
  "model": "admin.logentry",
  "pk": 37,
  "fields": {
    "action_time": "2023-06-26T05:35:44.773Z",
    "user": [
      "admin"
    ],
    "content_type": [
      "purchase",
      "payment"
    ],
    "object_id": "11",
    "object_repr": "Payment object (11)",
    "action_flag": 3,
    "change_message": ""
  }
},
{
  "model": "admin.logentry",
  "pk": 38,
  "fields": {
    "action_time": "2023-06-26T05:35:45.042Z",
    "user": [
      "admin"
    ],
    "content_type": [
      "purchase",
      "payment"
    ],
    "object_id": "10",
    "object_repr": "Payment object (10)",
    "action_flag": 3,
    "change_message": ""
  }
},
{
  "model": "admin.logentry",
  "pk": 39,
  "fields": {
    "action_time": "2023-06-26T05:35:45.295Z",
    "user": [
      "admin"
    ],
    "content_type": [
      "purchase",
      "payment"
    ],
    "object_id": "9",
    "object_repr": "Payment object (9)",
    "action_flag": 3,
    "change_message": ""
  }
},
{
  "model": "admin.logentry",
  "pk": 40,
  "fields": {
    "action_time": "2023-06-26T05:35:45.551Z",
    "user": [
      "admin"
    ],
    "content_type": [
      "purchase",
      "payment"
    ],
    "object_id": "8",
    "object_repr": "Payment object (8)",
    "action_flag": 3,
    "change_message": ""
  }
},
{
  "model": "admin.logentry",
  "pk": 41,
  "fields": {
    "action_time": "2023-06-26T05:35:45.807Z",
    "user": [
      "admin"
    ],
    "content_type": [
      "purchase",
      "payment"
    ],
    "object_id": "7",
    "object_repr": "Payment object (7)",
    "action_flag": 3,
    "change_message": ""
  }
},
{
  "model": "admin.logentry",
  "pk": 42,
  "fields": {
    "action_time": "2023-06-26T05:35:46.030Z",
    "user": [
      "admin"
    ],
    "content_type": [
      "purchase",
      "payment"
    ],
    "object_id": "6",
    "object_repr": "Payment object (6)",
    "action_flag": 3,
    "change_message": ""
  }
},
{
  "model": "admin.logentry",
  "pk": 43,
  "fields": {
    "action_time": "2023-06-26T05:35:46.296Z",
    "user": [
      "admin"
    ],
    "content_type": [
      "purchase",
      "payment"
    ],
    "object_id": "5",
    "object_repr": "Payment object (5)",
    "action_flag": 3,
    "change_message": ""
  }
},
{
  "model": "admin.logentry",
  "pk": 44,
  "fields": {
    "action_time": "2023-06-26T05:35:46.552Z",
    "user": [
      "admin"
    ],
    "content_type": [
      "purchase",
      "payment"
    ],
    "object_id": "4",
    "object_repr": "Payment object (4)",
    "action_flag": 3,
    "change_message": ""
  }
},
{
  "model": "admin.logentry",
  "pk": 45,
  "fields": {
    "action_time": "2023-06-26T05:35:46.819Z",
    "user": [
      "admin"
    ],
    "content_type": [
      "purchase",
      "payment"
    ],
    "object_id": "2",
    "object_repr": "Payment object (2)",
    "action_flag": 3,
    "change_message": ""
  }
},
{
  "model": "admin.logentry",
  "pk": 46,
  "fields": {
    "action_time": "2023-06-26T05:35:47.063Z",
    "user": [
      "admin"
    ],
    "content_type": [
      "purchase",
      "payment"
    ],
    "object_id": "1",
    "object_repr": "Payment object (1)",
    "action_flag": 3,
    "change_message": ""
  }
},
{
  "model": "admin.logentry",
  "pk": 47,
  "fields": {
    "action_time": "2023-06-26T10:07:44.713Z",
    "user": [
      "admin"
    ],
    "content_type": [
      "courses",
      "additionalfile"
    ],
    "object_id": "3",
    "object_repr": "AdditionalFile object (3)",
    "action_flag": 3,
    "change_message": ""
  }
},
{
  "model": "admin.logentry",
  "pk": 48,
  "fields": {
    "action_time": "2023-06-26T10:07:45.020Z",
    "user": [
      "admin"
    ],
    "content_type": [
      "courses",
      "additionalfile"
    ],
    "object_id": "2",
    "object_repr": "AdditionalFile object (2)",
    "action_flag": 3,
    "change_message": ""
  }
},
{
  "model": "admin.logentry",
  "pk": 49,
  "fields": {
    "action_time": "2023-06-26T10:07:45.332Z",
    "user": [
      "admin"
    ],
    "content_type": [
      "courses",
      "additionalfile"
    ],
    "object_id": "1",
    "object_repr": "AdditionalFile object (1)",
    "action_flag": 3,
    "change_message": ""
  }
},
{
  "model": "admin.logentry",
  "pk": 50,
  "fields": {
    "action_time": "2023-06-27T19:56:40.269Z",
    "user": [
      "admin"
    ],
    "content_type": [
      "courses",
      "additionalfile"
    ],
    "object_id": "4",
    "object_repr": "AdditionalFile object (4)",
    "action_flag": 1,
    "change_message": "[{\"added\": {}}]"
  }
},
{
  "model": "admin.logentry",
  "pk": 51,
  "fields": {
    "action_time": "2023-06-27T20:57:21.092Z",
    "user": [
      "admin"
    ],
    "content_type": [
      "courses",
      "additionalfile"
    ],
    "object_id": "4",
    "object_repr": "AdditionalFile object (4)",
    "action_flag": 3,
    "change_message": ""
  }
},
{
  "model": "admin.logentry",
  "pk": 52,
  "fields": {
    "action_time": "2023-06-28T18:44:57.667Z",
    "user": [
      "admin"
    ],
    "content_type": [
      "courses",
      "course"
    ],
    "object_id": "5",
    "object_repr": "The Ultimate Guide to Game Development with Unity",
    "action_flag": 2,
    "change_message": "[{\"changed\": {\"fields\": [\"Owner\"]}}]"
  }
},
{
  "model": "admin.logentry",
  "pk": 53,
  "fields": {
    "action_time": "2023-07-02T08:26:54.765Z",
    "user": [
      "admin"
    ],
    "content_type": [
      "courses",
      "course"
    ],
    "object_id": "1",
    "object_repr": "Modern React with Redux",
    "action_flag": 2,
    "change_message": "[{\"changed\": {\"fields\": [\"Students\"]}}]"
  }
},
{
  "model": "admin.logentry",
  "pk": 54,
  "fields": {
    "action_time": "2023-07-02T08:28:15.625Z",
    "user": [
      "admin"
    ],
    "content_type": [
      "courses",
      "course"
    ],
    "object_id": "5",
    "object_repr": "The Ultimate Guide to Game Development with Unity",
    "action_flag": 2,
    "change_message": "[{\"changed\": {\"fields\": [\"Students\"]}}]"
  }
}
]
